time,wx,wy,wz
0.015,0.01,-0.01,0.01
0.032,-0.00,0.00,-0.00
0.048,0.00,-0.00,0.01
0.065,-0.00,-0.00,0.00
0.082,0.00,-0.00,0.00
0.098,-0.00,-0.00,0.01
0.115,0.00,-0.00,-0.00
0.132,-0.00,-0.01,0.01
0.148,-0.00,0.00,0.00
0.165,0.00,0.00,0.00
0.182,-0.00,-0.01,0.00
0.198,0.00,-0.00,0.01
0.232,-0.00,-0.00,0.01
0.248,-0.00,-0.00,0.00
0.265,-0.00,-0.00,-0.01
0.281,0.00,-0.00,0.01
0.298,-0.00,0.00,-0.01
0.315,0.00,0.00,0.01
0.332,0.00,-0.00,-0.00
0.348,0.00,-0.01,0.00
0.365,-0.00,-0.01,0.01
0.382,0.00,0.00,-0.01
0.398,0.00,-0.01,0.01
0.415,0.00,-0.01,-0.00
0.432,-0.00,-0.00,0.00
0.448,0.00,0.00,0.00
0.465,-0.00,-0.01,-0.01
0.482,0.00,-0.01,0.01
0.498,0.00,0.00,-0.01
0.515,-0.00,-0.00,0.01
0.531,0.00,-0.01,-0.01
0.548,-0.00,0.00,0.00
0.565,0.00,0.00,0.00
0.582,-0.00,-0.00,0.00
0.598,0.00,-0.01,0.00
0.615,0.00,-0.00,-0.00
0.632,0.00,-0.00,0.00
0.648,0.00,-0.00,0.00
0.665,-0.00,-0.01,0.01
0.682,0.00,-0.00,-0.01
0.698,0.00,-0.00,0.01
0.715,0.00,-0.00,0.00
0.731,-0.00,0.00,-0.00
0.748,-0.00,-0.00,-0.01
0.765,-0.00,-0.01,0.01
0.782,-0.00,-0.00,-0.00
0.798,0.00,-0.00,0.01
0.815,0.00,-0.00,-0.00
0.832,-0.00,-0.01,-0.00
0.848,0.00,-0.00,0.01
0.865,0.00,0.01,-0.01
0.882,0.00,-0.01,0.01
0.898,0.00,-0.01,-0.00
0.915,-0.00,0.00,0.01
0.932,0.00,0.00,0.01
0.948,0.00,-0.01,-0.00
0.965,0.00,-0.01,0.00
0.982,0.00,0.00,0.00
0.998,-0.00,-0.00,0.01
1.015,0.00,-0.00,0.00
1.032,0.00,-0.00,0.00
1.048,0.00,-0.00,-0.00
1.065,0.00,-0.00,0.00
1.081,-0.00,0.00,0.00
1.098,-0.00,-0.00,-0.00
1.115,-0.00,-0.00,0.00
1.132,0.00,0.00,-0.00
1.148,-0.00,-0.00,0.00
1.165,0.00,-0.00,0.00
1.182,-0.00,-0.00,-0.00
1.198,0.00,-0.00,0.01
1.215,0.00,0.00,-0.00
1.232,0.01,-0.00,0.01
1.248,-0.01,0.00,0.00
1.265,-0.00,0.03,0.29
1.299,0.00,0.20,0.54
1.315,-0.01,-0.14,1.16
1.332,0.01,0.06,0.44
1.348,-0.01,-0.09,1.46
1.365,0.01,0.13,0.39
1.382,-0.01,-0.15,1.42
1.398,0.02,0.15,0.33
1.415,-0.01,-0.04,1.47
1.432,0.02,0.04,0.40
1.448,-0.01,-0.07,1.40
1.465,0.02,0.08,0.37
1.482,-0.01,-0.07,1.21
1.498,0.02,-0.03,0.70
1.515,-0.00,0.03,1.02
1.532,0.01,-0.06,0.80
1.548,-0.00,0.01,0.73
1.565,0.01,-0.02,1.20
1.582,-0.00,0.07,0.57
1.598,-0.01,-0.09,1.33
1.615,0.02,0.13,0.39
1.631,-0.02,-0.06,1.43
1.648,0.03,0.02,0.44
1.665,-0.02,-0.04,1.30
1.681,0.04,0.02,0.44
1.698,-0.03,-0.07,1.00
1.715,0.04,-0.01,0.92
1.731,-0.03,0.06,0.82
1.748,0.02,-0.09,1.05
1.765,-0.01,0.10,0.58
1.782,0.01,-0.02,1.35
1.798,-0.00,0.05,0.48
1.815,0.03,0.09,0.36
1.849,0.05,0.00,0.58
1.865,-0.04,-0.00,1.12
1.882,0.04,-0.04,0.68
1.898,-0.04,0.01,0.84
1.915,0.05,-0.04,1.12
1.932,-0.03,0.08,0.66
1.948,0.02,-0.08,1.23
1.965,-0.00,0.12,0.44
1.981,-0.01,-0.07,1.37
1.998,0.02,0.05,0.50
2.015,-0.02,-0.04,1.32
2.031,0.04,0.02,0.39
2.048,-0.05,-0.06,1.11
2.065,0.06,-0.03,0.83
2.082,-0.04,0.03,0.84
2.098,0.04,-0.09,1.02
2.115,-0.03,0.12,0.58
2.132,0.02,-0.09,1.33
2.148,-0.01,0.11,0.53
2.165,-0.01,-0.05,1.35
2.182,0.02,0.08,0.46
2.198,-0.03,-0.05,1.23
2.215,0.05,-0.02,0.62
2.232,-0.04,0.00,1.07
2.248,0.05,-0.06,0.68
2.265,-0.04,0.02,0.84
2.282,0.05,-0.06,1.09
2.298,-0.04,0.08,0.67
2.315,0.03,-0.07,1.21
2.331,-0.02,0.11,0.46
2.348,0.00,-0.06,1.40
2.365,-0.02,-0.04,1.41
2.399,-0.05,-0.07,1.17
2.415,0.07,-0.03,0.75
2.431,-0.05,0.03,0.92
2.448,0.06,-0.11,0.94
2.465,-0.04,0.12,0.65
2.482,0.04,-0.08,1.28
2.498,-0.02,0.10,0.52
2.515,0.01,-0.07,1.37
2.532,0.00,0.11,0.39
2.548,-0.02,-0.07,1.34
2.565,0.03,0.03,0.53
2.582,-0.03,-0.03,1.16
2.598,0.04,-0.05,0.59
2.615,-0.03,0.03,0.97
2.631,0.04,-0.09,1.02
2.648,-0.03,0.09,0.72
2.665,0.03,-0.12,1.15
2.681,-0.01,0.15,0.53
2.698,0.01,-0.07,1.34
2.715,-0.01,0.09,0.52
2.731,-0.00,-0.04,1.35
2.748,0.01,0.03,0.39
2.765,-0.01,-0.05,1.15
2.782,0.02,-0.03,0.76
2.798,-0.01,0.03,0.92
2.815,0.02,-0.11,0.88
2.831,-0.01,0.10,0.68
2.848,0.01,-0.08,1.24
2.865,-0.01,0.09,0.56
2.882,0.01,-0.08,1.31
2.898,0.00,0.11,0.43
2.915,0.01,0.03,0.51
2.949,0.00,-0.04,0.47
2.965,0.01,-0.00,0.99
2.982,0.00,-0.06,0.94
2.998,0.01,0.06,0.79
3.015,-0.00,-0.10,1.06
3.031,0.02,0.12,0.58
3.048,-0.01,-0.08,1.33
3.065,0.00,0.08,0.49
3.081,0.00,-0.06,1.39
3.098,-0.01,0.06,0.35
3.115,0.02,-0.04,1.30
3.131,-0.02,-0.00,0.58
3.148,0.03,0.01,1.10
3.165,-0.03,-0.08,0.72
3.181,0.05,0.06,0.79
3.198,-0.04,-0.07,1.18
3.215,0.04,0.08,0.62
3.232,-0.02,-0.07,1.25
3.248,0.02,0.11,0.49
3.265,-0.00,-0.05,1.32
3.282,-0.00,0.02,0.55
3.298,0.02,-0.01,1.22
3.315,-0.03,-0.04,0.47
3.331,0.05,0.02,1.04
3.348,-0.05,-0.07,0.92
3.365,0.06,0.07,0.79
3.381,-0.05,-0.10,1.05
3.398,0.06,0.12,0.60
3.415,-0.04,-0.08,1.32
3.431,-0.01,-0.06,1.42
3.466,0.04,-0.06,1.34
3.481,-0.05,0.00,0.54
3.498,0.07,0.02,1.11
3.515,-0.07,-0.09,0.67
3.531,0.09,0.05,0.82
3.548,-0.08,-0.07,1.12
3.565,0.08,0.07,0.66
3.581,-0.06,-0.07,1.24
3.598,0.04,0.10,0.43
3.615,-0.02,-0.08,1.42
3.631,-0.01,0.07,0.47
3.648,0.04,-0.04,1.36
3.665,-0.06,0.02,0.35
3.682,0.09,-0.03,1.14
3.698,-0.08,-0.04,0.78
3.715,0.09,0.04,0.91
3.731,-0.09,-0.07,0.93
3.748,0.10,0.08,0.68
3.765,-0.07,-0.05,1.26
3.782,0.06,0.06,0.57
3.798,-0.03,-0.07,1.33
3.815,0.00,0.11,0.46
3.831,0.02,-0.06,1.23
3.848,-0.03,-0.01,0.62
3.865,0.04,-0.00,1.08
3.881,-0.04,-0.05,0.65
3.898,0.06,0.02,0.89
3.915,-0.06,-0.05,1.04
3.931,0.07,0.07,0.73
3.948,-0.05,-0.09,1.13
3.965,0.05,0.11,0.57
3.981,0.03,0.04,0.56
4.016,-0.02,0.04,0.41
4.034,0.05,-0.06,1.14
4.049,-0.05,-0.02,0.76
4.064,0.05,0.05,0.98
4.081,-0.05,-0.08,0.83
4.098,0.07,0.06,0.74
4.115,-0.07,-0.05,1.17
4.131,0.07,0.06,0.62
4.148,-0.05,-0.06,1.27
4.165,0.03,0.09,0.47
4.181,-0.01,-0.05,1.32
4.198,-0.00,-0.00,0.50
4.215,0.03,-0.01,1.31
4.231,-0.05,0.01,0.44
4.248,0.08,-0.05,1.03
4.265,-0.07,-0.02,0.90
4.281,0.08,0.05,0.82
4.298,-0.06,-0.07,1.06
4.315,0.07,0.08,0.56
4.331,-0.05,-0.06,1.36
4.348,0.03,0.08,0.47
4.365,-0.01,-0.06,1.42
4.381,-0.01,0.07,0.32
4.398,0.03,-0.07,1.29
4.415,-0.04,-0.01,0.57
4.431,0.05,0.02,1.14
4.448,-0.05,-0.03,0.65
4.465,0.07,-0.02,0.86
4.481,-0.06,0.00,1.11
4.498,0.06,0.06,0.67
4.515,-0.04,-0.08,1.22
4.531,-0.02,-0.05,1.35
4.566,0.01,-0.04,1.29
4.582,-0.02,0.03,0.40
4.598,0.03,-0.06,1.11
4.614,-0.03,-0.01,0.81
4.631,0.04,0.02,0.91
4.648,-0.03,-0.03,0.93
4.665,0.04,0.04,0.70
4.681,-0.03,-0.02,1.24
4.698,0.02,0.06,0.57
4.715,-0.01,-0.06,1.33
4.731,0.01,0.08,0.44
4.748,-0.00,-0.06,1.23
4.765,0.00,-0.03,0.59
4.781,0.01,0.00,1.09
4.798,-0.01,-0.01,0.68
4.815,0.02,-0.02,0.87
4.831,-0.01,-0.02,1.06
4.848,0.02,0.06,0.74
4.864,-0.01,-0.07,1.17
4.881,0.01,0.09,0.52
4.898,-0.01,-0.03,1.36
4.915,0.01,0.03,0.49
4.931,-0.00,-0.05,1.40
4.948,0.01,0.06,0.29
4.965,-0.00,-0.08,1.22
4.981,0.00,0.00,0.69
4.998,0.01,0.02,1.03
5.015,-0.00,-0.04,0.79
5.031,0.02,0.00,0.80
5.048,-0.00,0.00,1.17
5.065,0.01,0.06,0.61
5.084,0.01,0.11,0.45
5.100,-0.01,-0.05,1.24
5.116,0.01,-0.03,0.58
5.132,-0.01,-0.00,1.15
5.148,0.02,-0.00,0.62
5.165,-0.01,-0.02,0.95
5.181,0.02,-0.02,1.00
5.198,-0.01,0.05,0.76
5.215,0.01,-0.07,1.12
5.231,-0.01,0.09,0.55
5.248,0.01,-0.02,1.34
5.265,-0.01,0.04,0.50
5.281,-0.00,-0.06,1.36
5.298,0.01,0.06,0.35
5.315,-0.02,-0.06,1.25
5.331,0.03,-0.00,0.65
5.348,-0.02,0.01,1.11
5.365,0.03,-0.03,0.71
5.381,-0.02,-0.02,0.82
5.398,0.04,0.01,1.13
5.414,-0.03,0.04,0.67
5.431,0.02,-0.06,1.23
5.448,-0.01,0.09,0.47
5.465,-0.00,-0.04,1.33
5.481,0.01,0.01,0.50
5.498,-0.01,-0.02,1.28
5.515,0.02,0.00,0.45
5.531,-0.03,-0.05,1.05
5.548,0.05,-0.01,0.89
5.565,-0.04,0.02,0.82
5.581,0.04,-0.05,1.05
5.598,-0.03,0.08,0.63
5.615,0.03,-0.03,1.28
5.631,0.01,-0.03,1.37
5.648,0.00,0.07,0.34
5.665,-0.02,-0.08,1.26
5.681,0.03,0.00,0.61
5.698,-0.02,-0.01,1.08
5.715,0.04,-0.04,0.73
5.731,-0.03,0.02,0.83
5.748,0.05,-0.05,1.11
5.764,-0.03,0.07,0.62
5.781,0.03,-0.09,1.30
5.798,-0.01,0.14,0.42
5.814,-0.00,-0.08,1.40
5.831,0.01,0.07,0.47
5.848,-0.01,-0.04,1.28
5.865,0.02,0.00,0.45
5.881,-0.02,-0.01,1.11
5.898,0.04,-0.03,0.82
5.915,-0.04,0.02,0.87
5.931,0.04,-0.06,0.99
5.948,-0.04,0.08,0.64
5.964,0.04,-0.07,1.26
5.981,-0.03,0.08,0.51
5.998,0.02,-0.07,1.39
6.015,-0.00,0.09,0.35
6.031,-0.01,-0.07,1.33
6.048,0.02,0.02,0.55
6.065,-0.02,-0.02,1.09
6.081,0.03,-0.04,0.67
6.098,-0.03,0.02,0.85
6.118,-0.03,0.07,0.66
6.134,0.03,-0.09,1.24
6.150,-0.02,0.12,0.45
6.166,0.01,-0.08,1.41
6.182,-0.00,0.05,0.48
6.199,-0.00,-0.04,1.32
6.215,0.02,0.02,0.37
6.231,-0.02,-0.03,1.16
6.248,0.04,-0.01,0.77
6.264,-0.03,0.02,0.91
6.281,0.03,-0.06,0.96
6.298,-0.03,0.08,0.65
6.314,0.03,-0.08,1.30
6.331,-0.02,0.10,0.51
6.348,0.02,-0.08,1.42
6.365,-0.01,0.09,0.35
6.381,0.00,-0.06,1.33
6.398,0.01,0.02,0.52
6.415,-0.01,-0.01,1.12
6.431,0.02,-0.03,0.65
6.448,-0.01,0.04,0.91
6.465,0.02,-0.08,1.04
6.481,-0.01,0.08,0.69
6.498,0.02,-0.10,1.23
6.515,-0.01,0.13,0.45
6.531,0.01,-0.10,1.38
6.548,-0.01,0.08,0.49
6.565,0.01,-0.05,1.33
6.581,-0.01,0.02,0.39
6.598,0.01,-0.02,1.11
6.615,-0.00,-0.03,0.83
6.631,0.01,0.06,0.92
6.648,-0.01,-0.11,0.89
6.665,0.01,0.10,0.68
6.681,0.00,-0.12,1.24
6.698,0.00,-0.09,1.35
6.732,0.01,-0.05,1.30
6.749,-0.01,0.01,0.57
6.765,0.02,0.00,1.17
6.781,-0.01,-0.03,0.57
6.798,0.03,0.01,0.92
6.815,-0.02,-0.04,1.01
6.831,0.03,0.05,0.73
6.848,-0.02,-0.08,1.15
6.864,0.01,0.10,0.51
6.881,0.00,-0.09,1.38
6.898,-0.00,0.09,0.50
6.915,0.02,-0.05,1.33
6.931,-0.02,0.04,0.40
6.948,0.04,-0.04,1.19
6.965,-0.03,-0.01,0.66
6.981,0.04,0.02,1.06
6.998,-0.04,-0.07,0.75
7.014,0.05,0.06,0.78
7.031,-0.04,-0.09,1.17
7.048,0.04,0.09,0.58
7.064,-0.03,-0.10,1.32
7.081,0.02,0.13,0.43
7.098,0.01,-0.08,1.35
7.115,-0.01,0.04,0.47
7.131,0.03,-0.03,1.31
7.148,-0.03,0.01,0.44
7.167,0.06,-0.02,1.07
7.182,-0.05,-0.03,0.89
7.199,0.06,0.06,0.80
7.215,0.04,0.12,0.59
7.249,0.02,0.08,0.45
7.266,-0.00,-0.07,1.42
7.282,-0.02,0.08,0.34
7.298,0.05,-0.06,1.30
7.315,-0.05,0.02,0.58
7.331,0.07,0.00,1.10
7.348,-0.06,-0.05,0.69
7.365,0.07,0.03,0.82
7.381,-0.07,-0.05,1.13
7.398,0.06,0.07,0.61
7.414,-0.04,-0.09,1.31
7.431,0.02,0.13,0.43
7.448,0.01,-0.06,1.39
7.465,-0.01,0.03,0.50
7.481,0.03,-0.01,1.28
7.498,-0.04,-0.00,0.40
7.515,0.07,-0.03,1.06
7.531,-0.07,-0.03,0.85
7.548,0.07,0.05,0.87
7.565,-0.06,-0.09,0.98
7.581,0.05,0.08,0.64
7.598,-0.05,-0.03,1.31
7.615,0.04,0.06,0.51
7.631,-0.01,-0.07,1.38
7.648,-0.01,0.10,0.41
7.665,0.04,-0.06,1.24
7.681,-0.03,-0.02,0.58
7.698,0.04,0.02,1.18
7.715,-0.04,-0.04,0.58
7.731,0.06,-0.03,0.89
7.748,-0.07,-0.01,1.08
7.764,0.06,0.06,0.69
7.781,-0.04,-0.08,1.22
7.798,-0.01,-0.05,1.39
7.814,0.01,0.04,0.48
7.831,0.02,-0.04,1.38
7.848,-0.03,0.05,0.33
7.865,0.06,-0.07,1.20
7.881,-0.05,-0.01,0.72
7.898,0.06,0.03,1.01
7.915,-0.05,-0.06,0.84
7.931,0.05,0.03,0.72
7.948,-0.05,0.00,1.23
7.964,0.05,0.06,0.56
7.981,-0.02,-0.10,1.33
7.998,0.01,0.12,0.44
8.015,0.01,-0.04,1.31
8.031,-0.00,-0.03,0.55
8.048,0.02,-0.01,1.17
8.065,-0.02,-0.00,0.57
8.081,0.03,-0.05,0.95
8.098,-0.03,-0.02,1.00
8.115,0.03,0.07,0.73
8.131,-0.02,-0.09,1.15
8.148,0.03,0.10,0.53
8.165,-0.02,-0.01,1.36
8.181,0.02,0.04,0.55
8.198,-0.00,-0.05,1.29
8.215,-0.01,0.05,0.40
8.234,0.02,-0.06,1.20
8.249,-0.01,-0.03,0.67
8.265,0.02,0.01,1.03
8.281,-0.02,-0.03,0.79
8.298,0.03,0.01,0.77
8.314,0.03,0.09,0.65
8.349,0.02,0.09,0.48
8.366,-0.01,-0.08,0.96
8.382,-0.00,0.22,-0.69
8.398,-0.01,-0.18,0.49
8.415,0.00,0.10,-0.37
8.431,-0.00,-0.05,0.30
8.448,0.01,0.04,-0.22
8.464,-0.00,-0.06,0.15
8.481,0.00,0.03,-0.10
8.498,-0.00,-0.01,0.06
8.515,0.00,-0.00,-0.01
8.531,-0.00,-0.00,-0.01
8.548,0.01,-0.01,0.04
8.565,-0.00,0.01,-0.05
8.581,0.00,-0.02,0.06
8.598,-0.00,0.01,-0.06
8.615,0.00,-0.01,0.05
8.631,-0.00,0.00,-0.04
8.648,0.00,-0.01,0.03
8.665,-0.00,0.00,-0.01
8.682,-0.00,0.00,-0.00
8.698,0.00,-0.01,0.01
8.715,-0.00,-0.00,-0.02
8.732,0.00,-0.01,0.02
8.748,-0.00,0.00,-0.02
8.765,0.00,-0.01,0.02
8.782,-0.00,0.00,-0.01
8.799,0.00,-0.00,0.01
8.815,-0.00,-0.00,0.00
8.832,-0.00,-0.01,0.01
8.866,-0.00,-0.01,0.01
8.899,-0.00,-0.00,0.00
8.915,0.00,-0.00,0.00
8.931,-0.00,-0.00,-0.00
8.948,0.00,-0.01,0.01
8.965,-0.00,-0.00,-0.00
8.981,-0.00,-0.00,0.00
8.998,-0.00,0.00,-0.00
9.015,-0.00,-0.00,-0.00
9.031,0.00,-0.00,0.00
9.048,-0.00,0.00,-0.00
9.065,0.00,-0.00,0.00
9.081,-0.00,-0.00,0.00
9.098,-0.00,-0.00,0.00
9.115,-0.00,-0.00,-0.00
9.131,0.00,-0.00,0.00
9.148,-0.00,-0.00,0.00
9.165,-0.00,-0.00,0.00
9.182,0.00,-0.00,0.00
9.199,-0.00,-0.00,0.00
9.216,0.00,-0.00,0.00
9.232,-0.00,-0.00,0.00
9.248,0.00,0.00,0.00
9.265,-0.00,-0.00,0.00
9.281,-0.00,-0.00,0.00
9.301,-0.00,0.00,0.00
9.316,0.00,-0.00,0.00
9.332,-0.00,-0.00,0.00
9.348,0.00,-0.00,0.00
9.365,-0.00,-0.00,0.00
9.381,-0.00,-0.00,0.00
9.398,-0.00,-0.00,0.00
9.414,0.00,-0.00,0.00
9.449,-0.00,-0.00,0.00
9.466,0.00,-0.00,0.00
9.482,-0.00,-0.00,0.00
9.498,0.00,-0.00,0.00
9.514,-0.00,-0.00,0.00
9.531,-0.00,-0.00,0.00
9.548,0.00,-0.00,0.00
9.564,0.00,-0.00,0.00
9.581,0.00,-0.00,0.00
9.598,-0.00,-0.00,-0.00
9.615,0.00,-0.00,0.00
9.631,-0.00,-0.00,0.00
9.648,0.00,-0.00,0.00
9.665,-0.00,-0.01,0.00
9.681,-0.00,-0.00,0.00
9.698,0.00,-0.00,0.00
9.715,0.00,-0.00,0.00
9.732,-0.00,-0.00,0.00
9.749,0.00,-0.00,0.00
9.766,-0.00,-0.00,0.00
9.782,-0.00,-0.00,0.00
9.799,-0.00,-0.00,0.00
9.816,0.00,-0.01,0.00
9.833,-0.00,-0.00,0.00
9.850,0.00,-0.00,0.00
9.867,-0.00,-0.00,0.00
9.884,0.00,-0.00,0.00
9.901,0.00,-0.00,0.00
9.918,-0.00,-0.00,-0.00
9.935,-0.00,-0.00,0.00
9.952,-0.00,0.00,-0.00
9.969,0.00,-0.00,0.00
9.986,-0.00,-0.00,-0.00
10.002,0.00,-0.00,0.00
10.019,-0.01,-0.00,-0.00
10.036,0.00,-0.00,0.00
10.053,-0.00,-0.01,0.00
10.070,0.00,-0.00,-0.00
10.087,-0.00,-0.00,0.01
10.104,0.00,-0.00,-0.00
10.116,-0.00,-0.00,0.00
10.132,0.01,-0.00,0.00
10.148,-0.01,-0.00,0.00
10.165,0.00,-0.00,0.00
10.181,-0.00,-0.00,0.00
10.198,0.00,-0.00,0.00
10.215,-0.00,-0.00,0.00
10.232,-0.00,-0.00,0.00
10.249,-0.00,-0.00,0.00
10.266,0.00,-0.00,-0.00
10.283,-0.00,-0.00,0.00
10.300,0.00,-0.00,0.00
10.317,-0.00,-0.00,0.00
10.337,0.00,0.00,0.00
10.354,0.00,-0.00,0.00
10.371,-0.00,-0.00,0.00
10.388,0.00,-0.00,0.00
10.405,-0.00,-0.00,0.00
10.422,-0.00,-0.00,0.00
10.440,-0.00,-0.00,0.00
10.457,-0.00,-0.00,0.00
10.474,0.00,-0.00,0.00
10.491,-0.00,-0.00,0.00
10.508,0.00,-0.00,0.00
10.525,0.00,-0.00,0.00
10.542,-0.00,-0.00,0.00
10.559,0.00,-0.00,0.00
10.576,-0.00,-0.00,0.00
10.593,0.00,-0.00,0.00
10.610,0.00,-0.00,0.00
10.615,0.00,-0.00,0.00
10.631,-0.00,-0.00,0.00
10.648,-0.00,-0.00,0.00
10.666,-0.00,-0.00,0.00
10.683,0.00,-0.00,0.00
10.700,0.00,-0.00,0.00
10.717,0.00,-0.00,0.00
10.734,-0.00,0.00,0.00
10.751,0.00,-0.00,0.00
10.769,-0.00,-0.00,0.00
10.786,0.00,-0.00,0.00
10.803,-0.00,-0.00,0.00
10.820,0.00,-0.00,0.00
10.837,0.00,-0.00,0.00
10.855,0.00,-0.00,0.00
10.872,0.00,-0.00,-0.00
10.889,-0.00,-0.00,0.00
10.906,-0.00,-0.00,0.00
10.923,0.00,-0.00,0.00
10.941,-0.00,-0.00,0.00
10.958,0.00,-0.00,0.00
10.975,-0.00,-0.00,0.00
10.992,-0.00,0.00,0.00
11.010,-0.00,-0.00,0.00
11.026,0.00,-0.00,0.00
11.044,-0.00,-0.00,0.00
11.061,0.00,-0.00,0.00
11.078,0.00,-0.00,0.00
11.095,-0.00,-0.00,0.00
11.113,0.00,-0.00,0.00
11.115,0.00,-0.00,0.00
11.132,0.00,0.00,0.00
11.149,-0.00,-0.00,0.00
11.167,0.00,-0.00,0.00
11.185,-0.00,-0.00,0.00
11.203,-0.00,-0.00,0.00
11.221,0.00,0.00,0.00
11.239,0.00,-0.00,0.00
11.256,0.00,-0.01,0.00
11.273,-0.00,-0.00,0.00
11.290,0.00,-0.00,0.00
11.316,-0.00,0.00,0.00
11.332,0.00,-0.00,0.00
11.348,-0.00,0.00,0.00
11.365,0.00,-0.00,-0.00
11.381,0.00,0.03,1.61
11.401,0.01,0.12,0.33
11.416,0.01,-0.18,1.38
11.432,0.01,0.13,0.27
11.448,0.00,-0.06,1.53
11.465,0.01,0.05,0.39
11.481,0.01,-0.06,1.35
11.498,0.00,0.04,0.41
11.515,0.01,-0.06,1.10
11.531,-0.00,-0.05,0.80
11.548,0.01,0.05,0.92
11.564,-0.01,-0.07,0.91
11.581,-0.01,-0.05,1.30
11.615,-0.02,-0.09,1.37
11.631,0.03,0.13,0.42
11.648,-0.02,-0.04,1.36
11.664,0.03,-0.01,0.50
11.682,-0.02,-0.03,1.29
11.699,0.03,0.03,0.46
11.715,-0.03,-0.06,1.03
11.732,0.03,-0.03,0.92
11.750,-0.02,0.06,0.78
11.767,0.02,-0.09,1.10
11.783,-0.01,0.12,0.55
11.801,0.00,-0.04,1.39
11.818,0.00,0.09,0.47
11.835,-0.01,-0.08,1.41
11.852,0.04,0.09,0.36
11.870,-0.03,-0.07,1.24
11.887,0.03,-0.03,0.61
11.904,-0.02,0.00,1.08
11.921,0.04,-0.02,0.70
11.938,0.04,-0.03,1.11
11.955,-0.03,0.08,0.65
11.972,0.02,-0.07,1.28
11.990,-0.00,0.12,0.49
12.007,-0.00,-0.03,1.36
12.024,0.01,0.01,0.52
12.042,-0.01,-0.02,1.29
12.059,0.03,0.01,0.38
12.076,-0.04,-0.07,1.05
12.093,0.05,-0.01,0.87
12.111,-0.04,0.04,0.90
12.128,0.04,-0.08,0.96
12.145,-0.03,0.09,0.65
12.162,0.03,-0.02,1.33
12.164,-0.02,0.07,0.53
12.182,0.01,-0.06,1.35
12.199,0.00,0.08,0.44
12.217,-0.02,-0.06,1.22
12.234,0.03,-0.02,0.61
12.252,-0.02,-0.00,1.06
12.269,0.03,-0.05,0.70
12.286,-0.03,-0.01,0.82
12.304,0.05,-0.03,1.14
12.321,-0.03,0.08,0.64
12.338,0.02,-0.08,1.27
12.355,-0.00,0.14,0.44
12.372,-0.00,-0.07,1.42
12.390,-0.02,-0.04,1.43
12.407,0.04,0.03,0.31
12.424,-0.05,-0.06,1.23
12.441,0.07,-0.02,0.72
12.462,-0.06,0.00,0.95
12.482,0.06,-0.07,0.90
12.499,-0.05,0.10,0.68
12.516,0.05,-0.05,1.28
12.533,-0.04,0.08,0.49
12.551,0.02,-0.08,1.41
12.568,-0.00,0.13,0.38
12.585,0.02,0.02,0.49
12.603,-0.02,-0.01,1.28
12.620,0.04,-0.03,0.48
12.638,-0.04,-0.03,0.96
12.655,0.05,-0.03,0.98
12.673,-0.04,0.05,0.74
12.682,0.04,-0.11,1.14
12.699,-0.01,0.15,0.54
12.716,0.01,-0.07,1.37
12.733,-0.01,0.07,0.52
12.750,0.01,-0.03,1.31
12.767,-0.00,0.02,0.40
12.784,-0.01,-0.07,1.10
12.802,0.02,-0.02,0.78
12.819,-0.01,0.02,0.93
12.836,0.02,-0.09,0.85
12.854,-0.01,0.08,0.71
12.871,0.01,-0.09,1.26
12.888,-0.00,0.10,0.52
12.905,0.01,-0.08,1.37
12.923,0.00,0.12,0.36
12.940,0.01,0.07,0.46
12.957,-0.01,-0.05,1.26
12.975,0.01,-0.01,0.46
12.992,-0.01,-0.03,1.03
13.009,0.01,-0.04,0.92
13.027,-0.00,0.05,0.79
13.044,0.01,-0.09,1.09
13.062,0.01,0.13,0.54
13.079,-0.00,-0.10,1.33
13.096,0.00,0.10,0.50
13.115,0.00,-0.06,1.37
13.133,0.00,0.07,0.36
13.150,0.00,-0.06,1.28
13.167,0.02,0.01,1.06
13.185,-0.01,-0.07,0.73
13.199,0.03,0.05,0.79
13.216,-0.02,-0.04,1.16
13.233,0.02,0.07,0.59
13.250,-0.01,-0.08,1.32
13.267,0.01,0.13,0.44
13.284,-0.00,-0.07,1.36
13.301,-0.00,0.05,0.52
13.319,0.02,-0.02,1.30
13.336,-0.02,-0.01,0.40
13.353,0.03,-0.04,1.01
13.371,-0.03,-0.02,0.91
13.388,0.04,0.05,0.84
13.405,-0.03,-0.10,1.01
13.423,0.04,0.12,0.61
13.440,-0.03,-0.07,1.35
13.457,-0.01,-0.06,1.34
13.475,-0.01,0.06,0.43
13.492,0.02,-0.05,1.23
13.513,-0.02,-0.01,0.60
13.532,0.03,0.01,1.09
13.549,-0.03,-0.07,0.67
13.567,0.06,0.05,0.87
13.584,-0.06,-0.07,1.11
13.601,0.06,0.09,0.62
13.619,0.03,0.15,0.49
13.636,-0.03,-0.08,1.37
13.653,0.01,0.07,0.52
13.671,0.00,-0.05,1.30
13.688,-0.02,0.02,0.41
13.714,0.03,-0.04,1.12
13.731,-0.04,-0.02,0.78
13.749,-0.04,-0.06,0.92
13.766,0.05,0.08,0.67
13.784,-0.04,-0.05,1.27
13.801,0.03,0.07,0.54
13.818,-0.01,-0.06,1.34
13.835,-0.01,0.08,0.42
13.851,0.04,-0.06,1.32
13.868,-0.05,0.01,0.55
13.885,0.06,-0.02,1.14
13.902,-0.07,-0.04,0.60
13.920,0.08,0.01,0.91
13.937,-0.08,-0.04,1.04
13.955,0.09,0.06,0.70
13.972,-0.07,-0.07,1.17
13.990,0.06,0.11,0.55
14.008,0.03,0.03,0.52
14.025,0.00,-0.03,1.35
14.043,-0.03,0.04,0.37
14.060,0.05,-0.07,1.16
14.078,-0.06,-0.01,0.72
14.095,0.07,0.04,1.03
14.111,-0.06,-0.07,0.78
14.128,0.08,0.04,0.76
14.145,-0.08,-0.01,1.20
14.163,0.07,0.04,0.61
14.180,-0.05,-0.06,1.28
14.199,0.02,0.10,0.42
14.217,0.00,-0.07,1.37
14.235,0.04,-0.03,1.32
14.253,-0.05,-0.00,0.41
14.270,0.08,-0.03,1.12
14.288,-0.08,-0.01,0.81
14.306,0.10,0.03,0.88
14.323,-0.09,-0.04,1.00
14.341,0.09,0.07,0.64
14.359,-0.07,-0.05,1.26
14.376,0.06,0.06,0.55
14.394,-0.03,-0.05,1.32
14.412,0.01,0.07,0.41
14.430,-0.01,-0.03,0.64
14.449,0.02,0.03,1.12
14.467,-0.04,-0.02,0.67
14.484,0.07,-0.02,0.86
14.502,-0.06,-0.02,1.06
14.520,0.07,0.07,0.69
14.537,-0.05,-0.08,1.23
14.555,0.04,0.12,0.53
14.576,0.04,-0.01,0.53
14.598,-0.02,-0.04,1.31
14.616,0.00,0.05,0.39
14.633,0.01,-0.06,1.14
14.651,-0.02,-0.02,0.77
14.669,0.02,0.02,0.92
14.686,0.03,0.02,0.66
14.704,-0.03,-0.03,1.28
14.722,0.01,0.08,0.49
14.748,-0.00,-0.09,1.40
14.765,-0.01,0.10,0.35
14.783,-0.01,-0.00,0.52
14.800,0.02,-0.00,1.23
14.818,-0.03,0.01,0.54
14.836,0.04,-0.06,0.95
14.854,-0.03,-0.00,1.03
14.871,0.04,0.04,0.72
14.889,-0.02,-0.05,1.20
14.906,0.01,0.10,0.54
14.924,-0.02,-0.02,1.31
14.942,0.01,0.02,0.54
14.959,0.00,-0.06,1.33
14.977,0.01,-0.05,1.16
14.996,-0.00,-0.03,0.73
15.014,0.02,0.02,1.00
15.033,-0.01,-0.03,0.84
15.052,0.02,-0.01,0.73
15.069,-0.01,-0.01,1.20
15.087,0.01,0.07,0.62
15.105,-0.01,-0.06,1.29
15.123,0.01,0.08,0.48
15.141,0.01,-0.01,0.53
15.158,-0.01,-0.02,1.22
15.176,0.01,0.01,0.51
15.194,0.00,-0.06,0.97
15.211,0.01,-0.01,0.99
15.230,0.00,0.04,0.75
15.249,0.00,-0.05,1.14
15.267,-0.00,0.07,0.55
15.285,0.00,-0.02,1.35
15.302,-0.01,-0.07,1.42
15.320,0.01,0.09,0.28
15.338,-0.01,-0.06,1.23
15.356,0.02,-0.02,0.67
15.374,-0.00,0.02,0.99
15.392,0.02,-0.05,0.88
15.410,-0.01,0.01,0.69
15.427,0.02,-0.04,1.25
15.445,-0.00,0.08,0.57
15.463,-0.00,0.11,0.42
15.480,-0.01,-0.06,1.36
15.499,0.01,0.02,0.45
15.517,-0.03,-0.03,1.34
15.534,0.07,0.00,0.43
15.552,-0.06,-0.06,1.02
15.570,0.07,-0.01,0.94
15.588,-0.04,0.03,0.76
15.605,0.05,-0.07,1.13
15.623,-0.02,0.10,0.51
15.641,0.02,-0.07,1.38
15.658,-0.00,-0.07,1.46
15.676,0.02,0.09,0.29
15.694,-0.03,-0.08,1.32
15.711,0.04,0.00,0.58
15.729,-0.04,0.01,1.13
15.747,0.05,-0.05,0.67
15.766,-0.04,-0.00,0.82
15.784,0.06,-0.02,1.15
15.801,-0.04,0.05,0.62
15.819,-0.01,0.12,0.47
15.837,0.00,-0.06,1.35
15.855,0.00,0.03,0.51
15.873,-0.01,-0.02,1.30
15.890,0.03,0.01,0.40
15.908,-0.03,-0.06,1.05
15.926,0.05,-0.01,0.85
15.944,-0.04,0.02,0.84
15.962,0.05,-0.07,1.01
15.980,0.03,-0.06,1.32
15.999,-0.02,0.08,0.47
16.017,0.01,-0.07,1.42
16.034,0.01,0.09,0.35
16.052,-0.02,-0.07,1.23
16.070,0.03,0.00,0.61
16.087,-0.03,0.00,1.03
16.105,0.03,-0.05,0.75
16.123,-0.03,0.03,0.78
16.141,0.04,-0.05,1.18
16.159,0.03,-0.07,1.25
16.176,-0.02,0.11,0.45
16.194,0.00,-0.07,1.39
16.212,0.01,0.05,0.50
16.230,-0.01,-0.03,1.27
16.249,0.02,0.00,0.41
16.267,-0.03,-0.01,1.09
16.285,0.04,-0.04,0.86
16.303,0.04,-0.09,1.00
16.320,-0.03,0.09,0.63
16.338,0.04,-0.07,1.27
16.356,-0.03,0.07,0.56
16.374,0.02,-0.06,1.33
16.392,-0.01,0.06,0.46
16.410,0.01,-0.05,1.25
16.428,0.00,-0.00,0.60
16.445,-0.00,0.04,1.17
16.463,0.01,-0.04,0.59
16.465,-0.01,0.00,0.89
16.483,0.02,-0.02,1.07
16.501,-0.02,0.03,0.70
16.519,0.02,-0.07,1.17
16.537,-0.01,0.12,0.55
16.554,0.01,-0.07,1.35
16.572,-0.01,0.04,0.41
16.590,0.01,-0.07,1.46
16.608,-0.01,0.09,0.25
16.625,0.01,-0.10,1.26
16.643,-0.01,0.03,0.61
16.661,-0.01,-0.05,0.72
16.678,0.01,0.01,0.86
16.696,0.00,-0.00,1.11
16.715,0.00,0.05,0.71
16.733,-0.00,-0.04,1.20
16.751,0.00,0.10,0.53
16.768,0.00,-0.04,1.25
16.782,-0.00,-0.01,0.54
16.799,0.00,-0.01,1.28
16.816,0.00,0.02,0.44
16.833,0.01,-0.09,1.07
16.851,-0.00,0.01,0.86
16.869,0.01,0.04,0.88
16.887,0.00,0.06,0.70
16.904,0.00,0.02,1.22
16.922,0.01,0.04,0.60
16.940,0.00,-0.06,1.24
16.958,0.00,0.05,0.45
16.976,0.01,-0.04,1.17
16.993,0.00,-0.03,0.70
17.011,0.01,0.00,1.02
17.029,-0.00,-0.01,0.76
17.031,0.01,-0.02,0.81
17.050,-0.01,0.00,1.12
17.067,0.00,0.07,0.68
17.085,0.00,-0.07,1.23
17.103,0.01,0.11,0.52
17.120,0.00,-0.04,1.32
17.138,0.00,-0.00,0.49
17.156,0.00,-0.03,1.33
17.174,0.00,0.04,0.36
17.192,0.01,-0.09,1.16
17.209,0.01,0.03,1.00
17.227,-0.01,-0.04,0.83
17.246,0.01,0.01,0.78
17.263,-0.01,0.02,1.17
17.282,0.02,0.06,0.65
17.300,-0.00,-0.06,1.29
17.318,0.01,0.07,0.39
17.336,-0.00,-0.05,1.32
17.354,0.00,0.02,0.50
17.372,-0.00,0.01,0.60
17.390,0.01,-0.02,0.97
17.407,-0.00,-0.01,0.95
17.425,0.00,0.03,0.81
17.443,-0.00,-0.03,1.13
17.461,0.01,0.10,0.60
17.479,-0.00,-0.03,1.28
17.497,0.01,0.00,0.49
17.515,0.00,-0.04,1.36
17.532,0.01,-0.09,1.21
17.549,-0.01,0.00,0.70
17.566,0.01,0.00,1.00
17.583,-0.01,-0.03,0.85
17.600,0.01,0.03,0.77
17.618,-0.01,-0.01,1.15
17.635,0.02,0.06,0.66
17.653,-0.01,-0.05,1.26
17.671,0.01,0.08,0.49
17.689,-0.00,-0.04,1.24
17.706,0.01,-0.04,0.57
17.724,-0.00,0.00,1.17
17.741,-0.00,0.01,0.56
17.759,-0.01,0.01,0.93
17.776,0.01,0.05,0.82
17.794,-0.01,-0.07,1.05
17.812,0.02,0.09,0.61
17.832,-0.02,0.00,1.27
17.850,0.02,0.02,0.55
17.867,-0.01,-0.05,1.30
17.885,0.02,0.07,0.37
17.903,-0.01,-0.08,1.10
17.920,-0.01,0.01,0.96
17.938,0.01,-0.02,0.86
17.956,-0.01,0.00,0.75
17.973,0.00,-0.01,1.20
17.991,-0.00,0.10,0.60
18.009,0.01,-0.08,1.32
18.027,0.00,0.10,0.44
18.044,0.00,-0.04,1.30
18.062,0.01,-0.03,0.52
18.081,0.00,-0.04,1.19
18.083,0.00,0.02,0.55
18.101,0.01,-0.04,1.05
18.118,-0.00,-0.02,0.86
18.136,0.01,0.01,0.89
18.154,-0.01,-0.02,0.98
18.172,0.01,0.08,0.68
18.190,-0.00,0.00,1.25
18.208,0.02,0.04,0.60
18.225,0.00,-0.05,1.26
18.243,0.00,-0.04,1.22
18.262,0.01,-0.01,0.67
18.279,0.00,-0.01,1.08
18.297,-0.00,-0.01,0.69
18.316,0.01,-0.02,0.89
18.334,-0.01,0.01,1.03
18.352,0.01,0.07,0.74
18.369,-0.01,-0.07,1.20
18.387,0.03,0.09,0.57
18.405,0.02,-0.03,0.56
18.423,-0.01,-0.04,1.27
18.441,0.01,0.06,0.44
18.458,-0.00,-0.08,1.09
18.476,-0.01,-0.03,-0.71
18.494,-0.00,-0.10,0.54
18.512,-0.01,0.18,-0.42
18.530,0.01,-0.10,0.38
18.549,-0.01,0.02,-0.36
18.566,0.01,-0.05,0.32
18.583,-0.01,0.09,-0.27
18.600,-0.00,0.02,-0.19
18.618,-0.00,-0.02,0.16
18.635,0.01,0.03,-0.10
18.652,-0.01,-0.02,0.06
18.669,0.01,-0.00,-0.02
18.686,-0.01,0.01,-0.02
18.703,0.01,-0.01,0.04
18.720,-0.01,0.01,-0.05
18.737,0.01,-0.02,0.06
18.753,-0.01,0.01,-0.05
18.771,0.01,-0.01,0.05
18.788,-0.01,0.01,-0.03
18.804,0.01,-0.01,0.01
18.821,-0.00,-0.00,0.01
18.838,-0.00,0.00,-0.02
18.849,-0.00,-0.01,0.03
18.865,-0.00,0.01,-0.03
18.881,0.01,-0.01,0.03
18.899,-0.00,-0.00,-0.02
18.916,0.00,-0.00,0.01
18.933,-0.01,-0.00,0.01
18.950,0.00,0.00,-0.02
18.967,-0.00,-0.01,0.02
18.984,0.00,0.00,-0.01
19.000,-0.00,-0.01,0.02
19.018,0.00,0.00,-0.01
19.035,0.00,-0.00,0.01
19.052,-0.00,0.00,-0.00
19.069,0.00,-0.00,0.02
19.086,-0.00,0.00,-0.01
19.103,-0.00,-0.00,0.01
19.121,0.00,-0.00,-0.00
19.138,-0.00,-0.00,0.01
19.155,0.00,-0.00,-0.00
19.172,0.00,-0.00,-0.00
19.189,0.00,-0.00,0.01
19.206,0.00,0.00,-0.00
19.223,-0.00,-0.00,0.01
19.240,0.00,-0.00,-0.01
19.258,0.00,-0.00,0.00
19.275,0.00,0.00,-0.00
19.292,-0.00,-0.00,0.00
19.309,0.00,-0.00,0.01
19.326,0.00,0.00,0.00
19.343,-0.00,-0.00,0.00
19.365,0.00,-0.00,0.01
19.382,-0.00,-0.00,-0.00
19.398,0.00,-0.01,0.01
19.415,0.00,-0.00,0.01
19.432,-0.00,0.00,0.00
19.450,-0.00,-0.00,0.01
19.467,0.00,-0.00,-0.00
19.484,-0.00,-0.00,0.01
19.501,0.00,0.00,0.00
19.518,-0.00,-0.00,0.01
19.535,-0.00,-0.00,0.00
19.552,-0.00,-0.00,0.01
19.570,0.00,0.00,0.00
19.587,0.00,-0.00,0.01
19.604,-0.00,-0.00,-0.00
19.621,0.00,-0.00,0.01
19.639,-0.00,-0.00,0.01
19.656,0.00,-0.01,0.02
19.673,0.00,-0.00,0.01
19.690,0.00,-0.00,0.01
19.707,0.00,-0.00,0.01
19.724,-0.00,-0.00,0.00
19.741,0.00,-0.01,0.01
19.758,0.00,-0.00,-0.00
19.775,0.00,-0.00,0.00
19.793,0.00,-0.00,0.00
19.809,0.00,-0.00,0.01
19.827,-0.00,0.00,-0.00
19.844,0.00,-0.00,-0.00
19.848,-0.00,-0.00,0.00
19.865,0.00,-0.00,-0.00
19.883,-0.00,0.00,0.01
19.900,0.00,0.00,-0.00
19.917,-0.00,-0.01,0.01
19.934,-0.00,-0.00,-0.01
19.951,0.00,0.00,0.01
19.969,0.00,-0.00,0.00
19.986,0.00,-0.01,-0.00
20.003,-0.00,-0.00,0.01
20.021,-0.00,0.00,-0.01
20.038,-0.00,-0.01,0.01
20.055,-0.00,-0.00,0.01
20.072,-0.00,-0.00,0.00
20.089,-0.00,-0.00,-0.00
20.106,-0.00,-0.00,0.00
20.123,0.00,-0.00,-0.01
20.140,-0.00,-0.00,-0.00
20.157,0.00,-0.00,-0.00
20.174,-0.00,-0.00,0.01
20.191,0.00,-0.00,-0.00
20.209,-0.00,-0.00,0.01
20.226,0.00,-0.00,-0.00
20.243,-0.00,-0.00,-0.00
20.261,0.00,-0.00,0.00
20.278,0.00,-0.00,0.00
20.295,0.00,-0.00,0.00
20.312,0.00,-0.00,0.00
20.330,-0.00,-0.00,0.00
20.332,-0.00,-0.00,0.01
20.349,0.00,0.00,-0.00
20.366,-0.00,-0.01,0.00
20.383,-0.00,-0.00,0.00
20.400,-0.00,-0.00,-0.00
20.418,-0.00,-0.01,0.00
20.435,-0.00,-0.01,0.00
20.452,0.01,-0.00,0.01
20.469,-0.00,0.00,0.00
20.487,0.00,0.00,-0.00
20.504,-0.00,-0.00,-0.00
20.521,0.00,-0.01,0.00
20.538,-0.00,-0.00,0.01
20.555,0.00,0.00,-0.00
20.573,0.00,-0.00,-0.00
20.590,-0.00,-0.00,0.00
20.607,-0.00,0.00,0.00
20.624,-0.01,-0.00,-0.01
20.641,0.00,-0.01,0.01
20.658,-0.00,0.00,-0.00
20.676,0.00,-0.00,0.01
20.693,-0.00,-0.00,0.00
20.710,0.00,0.00,-0.00
20.727,0.00,-0.00,0.01
20.744,0.00,-0.00,-0.00
20.762,0.00,-0.00,0.01
20.779,0.00,-0.00,0.01
20.796,0.00,-0.00,-0.00
20.813,-0.00,-0.00,0.01
20.815,0.00,-0.00,-0.00
20.832,0.00,-0.00,0.01
20.850,-0.00,-0.00,-0.00
20.866,0.00,-0.00,0.01
20.884,-0.00,0.00,0.00
20.902,0.00,0.00,0.01
20.919,-0.00,-0.00,-0.00
20.937,0.00,-0.00,0.01
20.955,-0.00,0.00,0.01
20.972,0.00,0.00,-0.00
20.990,0.00,-0.01,0.01
21.008,0.00,-0.01,-0.00
21.025,0.00,0.00,0.00
21.044,0.00,-0.00,0.01
21.062,0.00,-0.00,0.00
21.079,0.00,0.00,-0.00
21.098,0.00,-0.00,0.01
21.116,0.00,-0.00,-0.01
21.134,0.00,-0.00,0.01
21.152,0.00,0.00,0.01
21.170,-0.00,-0.00,0.01
21.186,0.00,-0.00,0.01
21.204,0.00,-0.00,0.01
21.221,0.00,-0.00,0.00
21.238,0.00,-0.00,0.01
21.255,0.00,-0.01,0.01
21.272,0.00,-0.00,0.02
21.290,0.01,0.00,0.01
21.307,-0.00,-0.01,0.01
21.325,0.01,-0.00,0.01
21.342,-0.00,-0.00,0.02
21.359,-0.00,-0.00,0.01
21.377,0.00,-0.00,0.01
21.394,0.00,0.00,0.01
21.398,0.00,0.00,0.01
21.415,0.00,-0.00,0.02
21.433,0.00,-0.00,0.01
21.451,0.00,-0.00,0.03
21.468,0.01,0.05,0.73
21.485,-0.04,-0.23,1.05
21.502,0.05,0.05,0.91
21.520,-0.05,0.01,0.79
21.537,0.06,-0.00,0.99
21.554,-0.06,-0.08,0.89
21.572,0.06,0.02,0.88
21.589,-0.06,-0.06,0.93
21.607,-0.05,0.00,1.26
21.624,0.05,0.11,0.59
21.641,-0.04,-0.09,1.30
21.659,0.05,0.10,0.49
21.676,-0.03,-0.01,1.34
21.694,0.03,-0.01,0.50
21.711,-0.02,-0.05,1.33
21.729,0.02,0.05,0.36
21.746,-0.02,-0.09,1.17
21.763,0.02,-0.01,0.76
21.782,-0.01,0.02,0.96
21.800,0.01,0.01,0.91
21.817,-0.00,0.04,0.73
21.835,0.00,0.06,0.66
21.852,0.01,-0.03,1.26
21.870,0.01,0.05,0.54
21.888,-0.01,-0.03,1.09
21.905,0.01,-0.06,0.72
21.916,-0.00,-0.00,0.99
21.932,0.01,-0.00,0.79
21.950,-0.01,-0.01,0.80
21.967,0.01,-0.04,1.15
21.984,0.01,0.11,0.67
22.001,-0.00,-0.08,1.21
22.018,0.02,0.08,0.57
22.036,-0.01,-0.01,1.33
22.053,0.01,0.02,0.50
22.071,-0.01,-0.07,1.38
22.089,0.02,0.07,0.32
22.106,-0.01,-0.08,1.24
22.124,-0.01,-0.01,1.00
22.142,0.02,-0.01,0.85
22.160,-0.01,0.05,0.77
22.178,0.02,0.02,1.15
22.196,-0.01,0.06,0.71
22.214,0.01,-0.05,1.21
22.232,-0.00,0.06,0.54
22.250,0.01,-0.01,1.24
22.268,-0.00,-0.04,0.56
22.286,0.01,0.01,0.51
22.304,-0.01,-0.07,1.04
22.322,0.02,0.01,0.88
22.340,-0.01,0.05,0.89
22.358,0.02,-0.01,1.01
22.376,-0.01,0.08,0.71
22.393,0.02,0.01,1.22
22.411,-0.02,0.02,0.54
22.415,0.01,-0.10,1.35
22.432,-0.00,0.09,0.34
22.450,0.00,-0.08,1.18
22.468,-0.00,-0.04,0.70
22.486,0.01,0.01,1.03
22.504,0.00,-0.01,0.78
22.522,-0.00,0.00,0.80
22.540,0.01,0.02,1.15
22.557,0.00,0.09,0.68
22.575,0.01,-0.06,1.26
22.593,0.00,0.07,0.51
22.611,-0.00,-0.04,0.50
22.629,0.00,-0.05,1.27
22.647,0.01,0.06,0.48
22.666,-0.01,-0.09,1.03
22.684,0.01,-0.01,0.92
22.702,-0.00,0.06,0.83
22.721,0.01,-0.05,1.03
22.739,0.01,-0.01,1.29
22.756,-0.00,0.05,0.59
22.774,0.01,-0.06,1.30
22.792,0.00,0.05,0.42
22.810,0.00,-0.06,1.19
22.827,-0.00,-0.03,0.68
22.845,0.00,-0.00,1.03
22.863,0.01,-0.01,0.75
22.883,-0.00,-0.00,0.83
22.901,0.01,0.08,0.72
22.919,0.00,-0.05,1.19
22.932,-0.00,0.07,0.55
22.950,0.00,-0.03,1.30
22.968,-0.00,0.00,0.49
22.986,0.00,-0.04,1.35
23.004,-0.00,0.05,0.33
23.022,0.00,-0.14,1.11
23.040,-0.00,0.02,0.78
23.058,0.00,0.03,0.95
23.075,-0.00,-0.03,0.90
23.093,0.01,0.04,0.73
23.111,0.00,0.01,1.19
23.129,-0.00,-0.06,1.27
23.147,0.01,0.06,0.42
23.166,0.00,-0.06,1.21
23.184,0.00,-0.03,0.59
23.202,0.00,-0.00,1.14
23.220,-0.00,-0.00,0.63
23.237,0.01,-0.04,0.93
23.255,-0.01,0.00,1.03
23.273,-0.01,-0.10,1.12
23.291,0.02,0.09,0.65
23.309,-0.01,0.02,1.26
23.327,0.02,0.01,0.58
23.345,-0.01,-0.07,1.29
23.363,0.02,0.05,0.39
23.381,-0.01,-0.07,1.10
23.399,0.01,-0.03,0.83
23.417,-0.01,0.05,0.94
23.435,0.01,0.03,0.75
23.465,-0.01,-0.01,1.16
23.482,0.01,0.08,0.72
23.498,-0.01,-0.03,1.21
23.515,-0.01,-0.04,1.16
23.532,0.02,-0.03,0.65
23.549,-0.01,-0.02,1.07
23.567,0.01,0.01,0.67
23.584,-0.00,-0.05,0.87
23.602,0.00,-0.01,1.04
23.620,0.00,0.07,0.75
23.638,-0.00,-0.04,1.14
23.655,0.01,0.08,0.59
23.673,-0.00,-0.01,1.34
23.691,0.01,0.02,0.41
23.709,-0.01,0.11,0.24
23.726,0.01,-0.10,1.31
23.744,-0.00,-0.01,0.56
23.762,0.01,-0.03,1.12
23.780,-0.00,0.03,0.69
23.799,0.01,-0.02,0.89
23.817,0.00,0.02,1.06
23.835,0.00,0.06,0.73
23.853,0.01,-0.05,1.22
23.870,0.02,-0.04,1.27
23.888,-0.02,-0.00,0.55
23.906,0.02,-0.04,1.17
23.924,-0.02,0.00,0.55
23.942,0.03,-0.04,0.99
23.966,-0.02,-0.01,0.94
23.984,0.03,0.09,0.86
24.002,0.05,0.04,0.72
24.020,-0.04,0.05,1.22
24.037,0.03,0.05,0.57
24.055,-0.02,-0.12,1.32
24.073,0.02,0.07,0.37
24.091,-0.02,-0.04,1.29
24.109,0.02,-0.01,0.59
24.127,-0.01,-0.03,1.16
24.145,0.00,0.01,0.60
24.163,-0.01,0.01,0.93
24.182,0.03,0.05,0.83
24.200,-0.01,-0.04,1.09
24.218,0.02,0.07,0.67
24.236,-0.03,0.00,1.14
24.254,0.03,-0.04,0.68
24.272,-0.02,-0.03,1.09
24.290,0.01,0.01,0.59
24.307,-0.00,-0.02,0.98
24.325,0.01,0.03,0.83
24.343,-0.02,-0.02,1.04
24.361,0.03,0.06,0.64
24.379,-0.02,-0.01,1.31
24.397,0.02,0.07,0.57
24.416,-0.02,-0.06,1.31
24.434,0.01,0.05,0.39
24.452,-0.01,-0.06,1.21
24.466,0.01,-0.02,0.63
24.482,-0.01,-0.00,1.06
24.499,0.00,-0.00,0.72
24.517,0.01,-0.01,0.83
24.534,-0.01,-0.02,1.13
24.551,-0.01,-0.06,1.31
24.569,0.01,0.11,0.40
24.586,-0.01,-0.06,1.45
24.604,0.01,0.05,0.43
24.621,-0.01,-0.07,1.32
24.638,0.00,0.02,0.34
24.655,0.00,-0.06,1.16
24.673,-0.00,0.00,0.74
24.690,0.01,0.01,0.99
24.707,0.00,-0.02,0.84
24.724,0.02,0.01,0.75
24.741,-0.01,0.00,1.20
24.759,0.01,0.07,0.63
24.776,0.00,0.07,0.42
24.794,0.00,-0.05,1.37
24.811,-0.00,0.02,0.44
24.828,0.01,-0.05,1.28
24.846,-0.01,0.02,0.46
24.864,0.02,-0.05,1.08
24.883,-0.01,0.01,0.86
24.901,0.02,0.02,0.88
24.919,-0.01,-0.02,1.05
24.937,-0.01,-0.01,1.26
24.956,0.01,0.04,0.59
24.984,0.00,-0.06,1.33
25.004,0.00,-0.08,1.14
25.023,0.00,-0.04,0.73
25.041,0.01,-0.00,0.98
25.060,0.00,0.01,0.84
25.078,0.01,0.00,0.77
25.097,0.00,-0.02,1.18
25.099,0.01,0.07,0.61
25.118,0.00,-0.04,1.35
25.136,-0.00,0.09,0.45
25.155,-0.00,-0.04,1.26
25.174,0.00,-0.04,0.55
25.192,0.00,0.00,1.20
25.211,0.01,-0.02,0.52
25.229,0.00,-0.02,0.86
25.247,0.01,0.03,0.88
25.267,0.00,-0.02,1.00
25.286,0.01,0.03,0.65
25.304,-0.00,0.03,1.27
25.322,0.01,0.02,0.56
25.340,-0.00,-0.05,1.31
25.358,-0.00,-0.05,1.19
25.376,0.01,-0.00,0.69
25.395,0.00,-0.03,1.02
25.413,0.00,0.02,0.75
25.431,0.01,-0.03,0.84
25.449,0.00,0.01,1.07
25.468,0.01,0.04,0.70
25.482,0.00,-0.06,1.21
25.499,0.00,0.11,0.53
25.517,0.00,-0.05,1.27
25.535,0.00,-0.00,0.46
25.553,0.01,0.08,0.35
25.571,-0.00,-0.08,1.13
25.589,0.00,-0.04,0.78
25.606,0.00,0.02,0.92
25.624,0.01,0.02,0.99
25.641,-0.00,0.04,0.65
25.658,0.01,-0.03,1.30
25.676,-0.00,0.07,0.54
25.694,0.01,-0.06,1.34
25.711,-0.00,0.06,0.35
25.729,0.00,-0.07,1.23
25.747,0.01,-0.00,1.17
25.766,0.00,0.02,0.58
25.784,-0.00,-0.07,0.98
25.801,0.01,-0.00,0.95
25.819,0.00,0.06,0.85
25.837,0.01,-0.00,1.10
25.855,-0.01,0.04,0.59
25.873,0.01,-0.05,1.28
25.891,-0.00,0.05,0.57
25.909,-0.00,-0.00,0.46
25.926,0.01,-0.06,1.06
25.944,-0.00,-0.01,0.85
25.963,0.00,0.04,0.89
25.981,0.01,-0.04,0.94
26.000,-0.01,0.02,0.72
26.017,0.01,0.01,1.19
26.034,-0.01,0.07,0.66
26.052,0.01,-0.05,1.24
26.069,-0.01,0.04,0.49
26.087,-0.00,-0.00,0.55
26.105,0.01,-0.05,1.15
26.122,0.00,0.01,0.55
26.140,0.00,-0.06,0.97
26.158,0.00,0.01,0.98
26.175,-0.00,0.05,0.80
26.194,0.01,-0.03,1.11
26.211,-0.00,0.06,0.62
26.229,0.01,-0.01,1.28
26.248,-0.00,0.02,0.61
26.250,0.00,-0.05,1.24
26.268,0.00,0.03,0.39
26.286,0.00,-0.08,1.08
26.304,-0.00,-0.03,0.78
26.322,0.01,0.02,0.96
26.340,-0.00,-0.01,0.87
26.358,0.00,0.00,0.76
26.376,0.01,-0.00,1.21
26.394,0.01,-0.05,1.26
26.412,-0.00,0.07,0.49
26.430,0.01,-0.04,1.27
26.449,-0.00,0.01,0.49
26.466,0.01,-0.06,1.26
26.484,0.00,0.03,0.47
26.499,0.01,-0.07,1.05
26.515,-0.00,-0.01,0.91
26.532,0.01,0.05,0.82
26.549,0.00,-0.06,1.06
26.567,0.00,0.08,0.70
26.584,0.00,0.04,1.18
26.602,0.00,0.01,0.69
26.620,0.00,0.05,0.50
26.637,0.00,-0.03,1.11
26.655,0.00,-0.06,0.76
26.673,0.00,0.01,1.00
26.690,0.00,-0.01,0.76
26.708,0.00,-0.02,0.84
26.726,0.01,0.03,1.08
26.743,0.00,0.07,0.77
26.761,0.00,-0.04,1.15
26.778,0.01,0.06,0.56
26.796,0.00,-0.02,1.30
26.814,-0.00,-0.06,1.24
26.832,0.00,0.01,0.44
26.850,0.01,-0.06,1.10
26.868,0.00,0.01,0.80
26.886,0.01,0.02,0.91
26.904,0.00,-0.05,0.95
26.921,0.00,0.05,0.72
26.939,-0.00,0.03,1.20
26.957,0.01,0.04,0.68
26.975,-0.00,0.05,0.45
26.993,0.00,-0.04,1.15
27.015,-0.00,-0.04,0.67
27.033,0.00,-0.01,1.01
27.051,-0.00,-0.01,0.78
27.069,0.01,-0.01,0.79
27.087,-0.00,-0.00,1.17
27.105,0.00,-0.06,1.22
27.123,0.01,0.09,0.52
27.141,0.00,-0.03,1.33
27.159,0.01,0.01,0.45
27.177,0.00,-0.07,1.30
27.195,0.00,0.04,0.38
27.213,0.01,-0.06,1.15
27.231,-0.00,-0.02,0.76
27.249,0.01,0.00,0.96
27.268,0.00,0.03,0.78
27.287,-0.00,0.02,1.16
27.305,0.01,0.04,0.62
27.323,0.00,-0.08,1.30
27.341,0.00,0.10,0.40
27.359,0.00,-0.05,1.30
27.377,0.01,-0.03,0.52
27.395,0.00,-0.03,1.16
27.413,0.02,-0.06,0.94
27.431,-0.01,0.01,1.01
27.450,0.01,0.07,0.77
27.468,-0.00,-0.07,1.12
27.486,0.01,0.08,0.56
27.504,-0.01,-0.01,1.33
27.516,0.01,0.04,0.54
27.533,-0.00,-0.07,1.30
27.550,0.01,0.04,0.36
27.568,0.00,-0.07,1.14
27.586,0.01,-0.02,0.74
27.604,-0.00,0.04,1.06
27.622,0.01,-0.02,0.83
27.639,-0.02,0.02,1.13
27.657,0.01,0.09,0.72
27.674,-0.01,-0.06,1.20
27.692,0.01,0.05,0.53
27.710,-0.01,-0.02,1.22
27.727,0.01,-0.02,0.57
27.745,-0.00,-0.03,1.13
27.763,0.00,0.00,0.61
27.781,0.01,-0.04,0.95
27.800,-0.01,-0.02,0.97
27.818,-0.01,-0.05,1.04
27.836,0.02,0.06,0.71
27.854,-0.03,0.04,1.18
27.872,0.03,0.02,0.67
27.889,-0.02,-0.07,1.26
27.907,0.02,0.07,0.40
27.925,-0.01,-0.06,1.13
27.943,0.02,-0.06,0.74
27.961,-0.01,-0.00,0.98
27.979,0.00,0.00,0.79
27.996,-0.00,-0.01,1.17
28.016,-0.00,0.10,0.59
28.034,0.00,-0.10,1.32
28.052,0.01,0.09,0.45
28.070,-0.01,-0.01,1.36
28.088,0.02,0.00,0.46
28.106,-0.01,-0.07,1.32
28.124,0.01,0.04,0.40
28.142,0.01,-0.02,0.84
28.160,-0.01,0.03,0.87
28.178,0.01,-0.00,1.05
28.196,-0.01,0.07,0.62
28.214,0.01,-0.02,1.27
28.233,-0.00,0.05,0.58
28.251,0.01,-0.04,1.35
28.269,0.01,-0.08,1.24
28.287,0.00,-0.05,0.60
28.305,0.01,-0.01,1.07
28.324,-0.00,0.02,0.75
28.341,0.00,-0.01,0.84
28.360,0.00,-0.02,1.10
28.378,0.00,0.07,0.69
28.395,0.00,-0.02,1.24
28.414,0.01,0.09,0.53
28.415,0.00,-0.03,1.28
28.434,0.00,-0.02,0.53
28.452,0.00,-0.05,1.25
28.469,0.00,0.04,0.43
28.487,0.00,-0.05,1.13
28.505,0.00,-0.03,0.77
28.524,0.00,-0.01,0.92
28.541,0.00,0.00,0.95
28.549,0.00,0.06,0.74
28.566,-0.01,-0.09,0.21
28.584,0.01,0.08,-0.04
28.602,-0.02,0.04,-0.03
28.620,0.03,-0.08,0.12
28.638,-0.03,0.01,-0.18
28.655,0.02,-0.01,0.22
28.673,-0.02,0.07,-0.21
28.690,-0.01,0.01,-0.18
28.709,0.01,-0.02,0.14
28.727,-0.01,0.03,-0.08
28.745,0.00,-0.01,0.04
28.763,0.00,-0.02,-0.00
28.781,-0.00,0.00,-0.03
28.799,0.01,-0.00,0.05
28.817,-0.01,0.02,-0.05
28.835,0.01,-0.02,0.05
28.853,0.01,-0.00,0.02
28.871,-0.01,0.00,0.01
28.888,0.00,0.00,-0.02
28.906,-0.01,-0.01,0.02
28.924,0.00,0.00,-0.02
28.942,-0.00,-0.00,0.02
28.960,0.00,0.00,-0.00
28.977,0.00,-0.00,-0.00
28.995,-0.00,-0.01,0.01
29.013,-0.00,-0.00,0.01
29.030,0.00,-0.00,-0.01
29.049,-0.00,-0.01,0.00
29.067,0.00,-0.01,0.00
29.085,-0.00,0.00,-0.00
29.103,0.00,-0.00,0.01
29.121,0.00,-0.00,-0.00
29.138,-0.00,-0.00,0.00
29.156,-0.00,0.00,0.00
29.174,0.00,0.00,0.00
29.192,-0.00,-0.00,-0.00
29.211,0.00,-0.00,0.00
29.232,-0.00,-0.00,0.00
29.251,0.00,-0.00,0.00
29.270,-0.00,-0.00,0.00
29.288,0.00,-0.00,-0.00
29.306,0.00,-0.00,0.00
29.324,0.00,-0.00,0.00
29.342,0.00,-0.00,0.00
29.360,0.00,0.00,0.00
29.378,0.00,-0.00,0.00
29.396,0.00,-0.00,0.00
29.413,-0.00,-0.00,0.00
29.433,0.00,-0.00,0.00
29.451,0.00,-0.00,0.00
29.469,-0.00,-0.00,0.00
29.487,0.00,-0.01,0.00
29.505,0.00,-0.00,0.00
29.523,-0.00,0.00,0.00
29.541,0.00,-0.00,0.00
29.559,0.00,-0.00,0.00
29.576,-0.00,-0.00,0.00
29.581,-0.00,-0.00,0.00
29.599,-0.00,-0.00,0.00
29.617,0.00,-0.00,0.00
29.634,0.00,-0.00,0.00
29.652,0.00,-0.00,0.00
29.670,0.00,-0.00,0.00
29.687,-0.00,-0.00,0.00
29.705,0.00,-0.00,0.00
29.723,-0.00,-0.00,0.01
29.740,0.00,-0.00,0.00
29.757,0.00,0.00,0.00
29.775,0.00,-0.00,0.00
29.793,-0.00,-0.00,0.00
29.811,-0.00,-0.00,0.00
29.829,0.00,-0.00,0.00
29.847,0.00,-0.00,0.00
29.865,0.00,-0.00,-0.00
29.883,0.00,-0.00,0.00
29.901,0.00,-0.00,0.00
29.919,0.00,-0.00,0.00
29.937,0.00,-0.00,0.00
29.955,-0.00,-0.00,0.01
29.972,0.00,-0.00,0.00
29.990,0.00,-0.01,0.00
30.007,0.00,-0.00,0.01
30.025,0.00,-0.00,0.00
30.043,-0.00,-0.00,0.00
30.061,0.00,-0.00,0.00
30.078,-0.00,-0.00,0.00
30.081,0.00,-0.00,0.00
30.099,-0.00,-0.00,0.00
30.117,0.00,-0.00,0.00
30.135,-0.01,-0.00,-0.00
30.153,0.00,-0.00,0.00
30.171,-0.00,-0.00,0.00
30.188,0.00,-0.00,0.00
30.206,0.00,-0.00,0.00
30.224,0.00,-0.00,0.00
30.241,0.00,-0.00,0.00
30.259,0.00,-0.00,-0.00
30.277,0.00,-0.00,0.00
30.295,0.00,-0.00,0.00
30.312,-0.00,-0.00,0.00
30.331,-0.00,-0.00,0.00
30.349,0.00,-0.00,0.00
30.367,0.00,-0.00,0.00
30.385,0.00,-0.00,0.00
30.403,-0.00,-0.00,0.00
30.420,-0.00,-0.00,0.00
30.438,0.00,-0.00,0.00
30.456,0.00,-0.00,0.00
30.473,-0.00,-0.00,0.00
30.491,-0.00,-0.00,-0.00
30.509,-0.00,-0.00,-0.00
30.527,0.00,-0.00,0.00
30.544,-0.00,-0.00,-0.00
30.562,-0.00,-0.00,0.00
30.580,0.00,-0.00,0.00
30.582,-0.00,-0.00,0.00
30.600,0.00,-0.00,0.00
30.618,0.00,0.00,0.01
30.636,-0.00,-0.00,0.00
30.654,-0.00,-0.00,0.00
30.672,0.00,-0.00,0.00
30.689,-0.00,-0.00,0.00
30.707,0.00,-0.00,0.00
30.724,-0.00,0.00,0.00
30.742,-0.00,-0.00,0.00
30.760,0.00,-0.00,-0.00
30.778,0.00,-0.00,0.00
30.795,-0.00,-0.00,0.00
30.813,0.00,-0.00,0.00
30.833,0.00,0.00,0.00
30.850,0.00,-0.00,0.00
30.868,0.00,-0.00,0.00
30.886,0.00,-0.00,0.00
30.904,0.00,-0.00,0.00
30.921,0.00,-0.00,0.00
30.939,0.00,0.00,0.00
30.957,0.00,-0.00,0.00
30.975,0.00,-0.00,0.00
30.992,0.00,-0.00,0.00
31.010,0.00,-0.00,0.00
31.028,0.00,-0.00,0.00
31.045,-0.00,-0.00,0.00
31.063,0.00,-0.00,0.00
31.083,-0.00,-0.00,0.00
31.100,-0.00,-0.01,0.00
31.119,0.00,-0.00,0.00
31.138,0.00,-0.00,0.00
31.157,0.00,-0.00,0.00
31.174,-0.00,-0.00,0.00
31.192,-0.00,-0.00,0.00
31.209,0.00,-0.00,0.00
31.227,-0.00,0.00,-0.00
31.245,0.00,-0.00,0.00
31.263,0.00,-0.00,0.00
31.280,-0.00,-0.00,0.00
31.299,0.00,-0.00,0.00
31.317,0.00,-0.00,0.00
31.334,0.00,-0.00,0.00
31.353,-0.00,-0.00,0.00
31.371,-0.00,-0.00,-0.00
31.388,0.00,-0.00,0.00
31.406,-0.00,-0.00,0.00
31.423,-0.00,-0.00,0.00
31.441,-0.00,-0.00,0.00
31.458,0.00,-0.00,0.00
31.476,0.00,-0.00,0.00
31.494,0.00,-0.00,0.00
31.511,-0.00,-0.00,0.00
31.529,0.00,-0.00,0.00
31.547,0.00,-0.00,0.00
31.566,-0.00,0.00,0.05
31.584,0.00,-0.15,1.69
31.602,-0.01,-0.16,1.49
31.632,-0.01,-0.10,1.70
31.650,0.03,0.19,0.26
31.666,-0.02,-0.12,1.63
31.684,0.03,0.12,0.21
31.701,-0.02,-0.09,1.59
31.718,0.02,0.04,0.22
31.736,-0.01,-0.09,1.55
31.753,0.02,0.08,0.14
31.769,-0.01,-0.11,1.38
31.787,0.02,0.00,0.52
31.804,-0.01,-0.05,1.14
31.822,0.02,0.03,0.69
31.839,-0.01,0.02,0.92
31.857,0.02,0.05,1.03
31.874,-0.01,0.03,0.75
31.892,-0.01,0.07,0.51
31.915,0.01,-0.00,1.26
31.932,-0.01,-0.03,0.52
31.950,0.01,-0.07,1.20
31.967,-0.00,0.02,0.51
31.985,0.00,-0.07,1.00
32.003,0.01,0.01,0.95
32.020,0.01,-0.00,1.12
32.037,-0.00,0.06,0.58
32.055,0.01,-0.04,1.33
32.072,0.00,0.05,0.52
32.090,0.00,-0.05,1.35
32.107,0.00,0.02,0.29
32.132,-0.00,-0.12,1.15
32.149,0.00,0.03,1.02
32.167,0.01,-0.01,0.79
32.184,0.00,-0.02,0.80
32.201,0.01,0.03,1.15
32.218,-0.00,0.11,0.67
32.235,0.01,-0.07,1.28
32.253,-0.00,0.07,0.44
32.270,0.01,-0.05,1.33
32.287,0.00,0.00,0.46
32.304,0.01,-0.05,1.34
32.321,0.01,0.05,0.38
32.338,-0.00,-0.10,1.16
32.356,0.01,-0.00,0.78
32.372,0.00,0.03,0.94
32.389,0.01,0.01,0.93
32.406,0.00,0.05,0.73
32.424,0.01,0.01,1.18
32.441,0.00,-0.05,1.25
32.465,0.00,0.04,0.41
32.482,0.00,-0.07,1.18
32.499,0.00,-0.04,0.68
32.516,0.00,0.02,1.15
32.532,0.01,0.03,0.62
32.550,-0.00,-0.08,0.95
32.567,0.02,0.05,0.99
32.584,0.00,0.09,0.80
32.601,0.01,-0.08,1.12
32.618,-0.00,0.03,0.54
32.632,0.01,-0.00,1.34
32.649,-0.00,0.06,0.52
32.665,0.01,-0.06,1.26
32.682,0.00,-0.02,0.41
32.699,0.01,0.02,0.77
32.716,-0.00,0.02,0.97
32.733,0.01,-0.02,0.88
32.751,-0.00,0.04,0.76
32.767,0.01,0.01,1.17
32.785,-0.00,0.05,0.70
32.802,0.01,-0.04,1.19
32.819,-0.00,0.04,0.49
32.836,0.01,-0.04,1.18
32.854,-0.00,-0.02,0.57
32.871,0.00,-0.05,1.12
32.888,0.00,0.01,0.63
32.905,-0.00,-0.03,0.93
32.922,0.01,-0.00,1.04
32.939,0.00,0.06,0.72
32.956,0.01,-0.06,1.17
32.973,0.00,0.09,0.59
32.991,0.00,0.02,0.51
33.008,0.01,-0.08,1.29
33.025,-0.00,0.02,0.37
33.042,0.00,-0.08,1.09
33.059,0.00,-0.01,0.82
33.076,0.00,0.03,0.93
33.093,-0.00,-0.04,0.90
33.110,0.01,0.03,0.71
33.128,-0.00,0.00,1.21
33.148,0.00,0.06,0.61
33.165,0.00,-0.08,1.30
33.182,0.00,0.09,0.42
33.199,0.01,-0.04,1.30
33.216,0.00,-0.05,1.17
33.234,-0.00,0.03,0.56
33.251,0.00,-0.05,1.00
33.268,-0.00,-0.00,0.96
33.285,0.01,0.07,0.80
33.302,-0.00,-0.06,1.09
33.319,0.01,0.08,0.63
33.337,-0.01,0.01,1.28
33.354,0.01,0.01,0.60
33.371,-0.00,-0.06,1.25
33.388,0.00,0.04,0.38
33.405,0.00,-0.06,1.23
33.422,0.00,0.01,0.62
33.439,0.00,-0.05,1.05
33.457,-0.00,0.01,0.77
33.474,0.02,0.02,0.84
33.491,-0.00,0.02,1.12
33.508,0.00,-0.07,1.25
33.526,-0.00,0.09,0.48
33.543,0.00,-0.04,1.31
33.560,-0.00,-0.03,0.43
33.577,0.01,-0.07,1.30
33.594,-0.01,0.05,0.41
33.612,0.02,-0.08,1.09
33.629,-0.01,0.00,0.87
33.648,0.02,0.05,0.88
33.665,-0.00,-0.02,1.00
33.683,0.02,0.05,0.68
33.700,-0.01,0.01,1.23
33.717,0.01,0.04,0.57
33.734,-0.01,0.08,0.31
33.752,0.01,-0.09,1.27
33.769,-0.00,-0.02,0.60
33.787,0.01,-0.01,1.14
33.804,-0.01,0.01,0.63
33.821,0.02,-0.03,0.94
33.838,-0.01,-0.00,0.95
33.855,0.03,0.06,0.82
33.873,-0.02,-0.03,1.10
33.890,0.02,0.06,0.63
33.908,-0.02,-0.01,1.22
33.925,0.02,-0.00,0.59
33.942,-0.01,-0.06,1.17
33.960,0.01,-0.00,0.51
33.976,-0.00,-0.02,1.08
33.994,0.02,-0.02,0.93
34.011,-0.01,-0.00,0.92
34.028,0.02,0.06,0.73
34.046,-0.01,-0.01,1.20
34.063,0.02,0.03,0.61
34.080,-0.01,-0.04,1.32
34.099,0.01,0.06,0.34
34.116,0.00,-0.09,1.30
34.134,-0.00,-0.00,0.53
34.149,0.00,-0.01,1.23
34.165,-0.01,0.02,0.51
34.182,0.03,-0.09,1.02
34.199,-0.02,0.04,0.93
34.216,0.02,0.07,0.85
34.233,-0.01,-0.07,1.07
34.250,0.02,0.04,0.62
34.267,-0.01,0.01,1.25
34.285,-0.00,-0.06,1.18
34.302,0.01,-0.02,0.47
34.319,-0.00,-0.02,1.13
34.336,0.00,0.01,0.78
34.353,0.01,-0.01,0.94
34.371,-0.00,-0.03,0.92
34.388,0.02,0.05,0.75
34.405,-0.02,0.05,1.16
34.422,0.03,0.03,0.70
34.439,-0.01,-0.07,1.21
34.457,0.02,0.06,0.47
34.474,-0.01,-0.02,1.32
34.491,0.01,0.01,0.47
34.509,-0.00,-0.07,1.24
34.526,-0.00,0.00,0.49
34.543,-0.01,0.03,0.88
34.561,0.01,0.02,0.87
34.578,-0.01,-0.03,1.01
34.595,0.01,0.05,0.74
34.612,-0.01,0.04,1.17
34.630,0.01,0.01,0.66
34.647,0.00,-0.07,1.25
34.665,-0.00,0.04,0.37
34.683,0.01,-0.04,1.17
34.700,-0.00,-0.03,0.68
34.717,0.02,0.00,1.06
34.734,-0.02,0.01,0.73
34.752,0.03,-0.01,0.89
34.770,0.03,0.06,0.79
34.787,-0.02,-0.02,1.13
34.804,0.03,0.05,0.66
34.821,-0.02,-0.01,1.06
34.839,0.02,-0.06,0.75
34.856,-0.01,-0.02,1.02
34.873,0.01,0.00,0.67
34.891,0.00,-0.01,0.96
34.908,-0.00,-0.02,0.97
34.926,0.01,0.04,0.79
34.943,-0.01,-0.03,1.06
34.960,0.03,0.06,0.68
34.978,-0.02,0.03,1.21
34.997,-0.02,-0.07,1.19
35.016,0.02,0.02,0.47
35.033,-0.02,-0.02,1.17
35.050,0.02,-0.02,0.69
35.068,-0.01,-0.03,1.04
35.085,0.01,-0.01,0.73
35.103,-0.00,-0.01,0.84
35.120,0.01,0.02,1.10
35.137,0.01,0.06,0.73
35.155,0.00,-0.03,1.19
35.166,0.00,0.06,0.56
35.182,-0.00,-0.02,1.24
35.199,0.01,-0.01,0.59
35.216,-0.00,-0.05,1.16
35.233,0.01,0.00,0.53
35.250,-0.00,-0.03,1.03
35.268,0.01,-0.01,0.89
35.285,-0.00,0.05,0.87
35.303,0.01,-0.03,0.97
35.320,0.01,0.01,1.23
35.337,-0.00,0.07,0.58
35.355,0.00,-0.07,1.33
35.372,-0.00,0.06,0.35
35.390,0.00,-0.05,1.26
35.407,0.00,-0.02,0.60
35.424,0.00,-0.01,1.16
35.441,0.01,0.02,0.62
35.459,0.00,-0.05,0.92
35.476,0.01,0.01,1.02
35.493,0.00,0.06,0.74
35.511,0.01,-0.05,1.19
35.528,0.00,0.08,0.48
35.545,0.00,0.04,0.47
35.562,-0.00,-0.06,1.27
35.580,0.00,0.01,0.41
35.597,0.00,-0.06,1.09
35.615,0.01,-0.02,0.83
35.633,0.00,0.04,0.91
35.650,0.01,-0.04,0.92
35.667,-0.01,0.02,0.72
35.682,0.02,0.01,1.24
35.698,-0.01,0.09,0.63
35.715,0.01,-0.06,1.29
35.732,-0.00,0.05,0.41
35.749,0.01,-0.04,1.35
35.766,0.00,0.03,0.49
35.783,-0.00,-0.04,1.16
35.801,0.01,-0.02,0.60
35.818,-0.01,-0.03,0.94
35.836,0.03,-0.01,0.96
35.853,-0.02,0.04,0.82
35.870,-0.02,0.07,0.59
35.888,0.03,-0.04,1.32
35.905,-0.02,0.05,0.53
35.922,0.01,-0.04,1.34
35.939,0.00,0.03,0.31
35.957,-0.01,-0.07,1.14
35.974,0.01,0.00,0.75
35.991,-0.01,0.00,0.94
36.009,0.05,-0.06,0.92
36.026,-0.04,0.02,0.68
36.043,0.04,-0.03,1.28
36.061,-0.02,0.08,0.50
36.078,0.01,-0.09,1.43
36.095,-0.02,-0.07,1.38
36.113,0.03,0.01,0.41
36.132,-0.03,-0.02,1.19
36.150,0.05,-0.02,0.63
36.167,-0.04,0.02,0.93
36.185,0.06,-0.07,1.01
36.199,-0.05,0.06,0.71
36.215,0.06,-0.07,1.22
36.232,-0.05,0.12,0.50
36.249,0.04,-0.06,1.35
36.266,-0.03,0.06,0.49
36.284,0.01,-0.04,1.40
36.301,0.00,0.03,0.31
36.318,-0.02,-0.06,1.18
36.336,0.04,-0.00,0.76
36.353,-0.03,0.02,0.94
36.371,0.04,-0.07,0.88
36.388,0.05,-0.07,1.20
36.406,-0.04,0.07,0.58
36.423,0.03,-0.07,1.34
36.441,-0.02,0.11,0.42
36.458,0.01,-0.06,1.31
36.476,0.00,0.01,0.55
36.493,-0.00,-0.00,1.22
36.510,0.02,-0.03,0.52
36.528,-0.02,0.01,0.98
36.545,0.04,-0.05,0.97
36.562,-0.03,0.07,0.74
36.579,0.04,-0.10,1.13
36.597,-0.03,0.11,0.53
36.599,0.03,-0.08,1.40
36.616,-0.02,0.08,0.46
36.634,0.02,-0.06,1.39
36.651,-0.01,0.05,0.34
36.669,-0.00,-0.05,1.18
36.686,0.01,0.00,0.72
36.699,-0.01,0.01,0.95
36.715,0.01,-0.06,0.85
36.732,-0.01,0.06,0.73
36.749,0.02,-0.09,1.24
36.766,-0.01,0.10,0.55
36.784,0.01,-0.10,1.35
36.801,-0.01,0.12,0.38
36.818,0.01,-0.08,1.41
36.836,-0.00,0.03,0.40
36.853,0.01,-0.02,1.37
36.870,0.00,0.01,0.39
36.887,0.01,-0.01,1.05
36.905,-0.00,0.06,0.75
36.922,0.00,-0.11,1.13
36.940,-0.01,0.12,0.51
36.957,0.02,-0.11,1.42
36.975,-0.01,0.11,0.43
36.992,0.01,-0.08,1.41
37.009,-0.01,0.06,0.33
37.026,0.02,-0.03,1.36
37.044,-0.01,0.01,0.53
37.061,0.03,0.00,1.11
37.079,-0.02,-0.05,0.68
37.096,0.02,0.06,0.86
37.113,-0.02,-0.08,1.08
37.116,0.02,0.09,0.65
37.133,-0.01,-0.10,1.29
37.151,-0.00,0.13,0.39
37.168,0.00,-0.10,1.44
37.186,-0.01,0.05,0.37
37.204,0.02,-0.05,1.42
37.215,-0.03,0.04,0.33
37.232,0.05,-0.03,1.13
37.250,-0.04,-0.01,0.81
37.267,0.05,0.03,0.86
37.284,-0.03,-0.08,0.98
37.302,0.03,0.09,0.63
37.320,-0.03,-0.09,1.34
37.337,0.01,0.09,0.45
37.355,0.00,-0.08,1.46
37.372,-0.02,0.10,0.33
37.390,-0.04,0.01,0.47
37.408,0.06,0.01,1.19
37.425,-0.05,-0.04,0.60
37.442,0.07,0.01,0.87
37.460,-0.06,-0.04,1.11
37.478,0.06,0.06,0.63
37.495,-0.04,-0.10,1.28
37.512,0.02,0.14,0.40
37.530,0.00,-0.10,1.45
37.549,-0.01,0.05,0.32
37.567,0.04,-0.06,1.47
37.584,0.08,-0.05,1.22
37.602,-0.07,-0.01,0.69
37.619,0.08,0.01,0.99
37.637,-0.07,-0.07,0.84
37.654,0.06,0.06,0.72
37.672,-0.06,-0.05,1.24
37.689,0.05,0.07,0.57
37.707,-0.03,-0.05,1.33
37.715,0.01,0.10,0.46
37.732,0.02,-0.04,1.27
37.749,-0.02,-0.01,0.54
37.767,0.04,0.02,1.24
37.784,-0.04,-0.01,0.54
37.801,0.07,-0.03,0.92
37.819,-0.07,-0.02,1.03
37.836,0.06,0.05,0.69
37.853,-0.04,-0.08,1.23
37.871,0.02,0.13,0.46
37.888,-0.00,-0.06,1.41
37.906,0.00,0.06,0.50
37.923,-0.03,0.03,0.38
37.940,0.06,-0.03,1.25
37.958,-0.06,0.00,0.65
37.975,0.07,-0.01,0.99
37.993,-0.06,-0.05,0.85
38.010,0.06,0.04,0.70
38.027,-0.05,-0.06,1.24
38.045,0.03,0.08,0.55
38.062,-0.02,-0.07,1.36
38.079,0.01,0.12,0.41
38.097,0.02,-0.05,1.33
38.115,-0.01,-0.00,0.51
38.133,-0.03,0.01,0.46
38.150,0.05,-0.03,1.07
38.168,-0.05,-0.03,0.89
38.185,0.05,0.03,0.79
38.203,-0.05,-0.06,1.09
38.220,0.03,0.10,0.58
38.232,-0.02,-0.02,1.35
38.249,0.03,0.06,0.54
38.266,-0.00,-0.04,1.32
38.283,-0.00,0.05,0.38
38.300,0.03,-0.04,1.32
38.318,-0.02,0.01,0.56
38.335,0.04,-0.01,1.14
38.353,-0.04,-0.04,0.66
38.371,0.04,-0.01,0.83
38.388,-0.04,-0.01,1.11
38.406,0.03,0.05,0.67
38.423,-0.02,-0.06,1.24
38.440,0.02,0.10,0.43
38.458,0.01,0.05,0.46
38.475,0.01,-0.04,1.35
38.493,-0.01,0.03,0.34
38.510,0.02,-0.08,1.12
38.528,-0.02,0.00,0.80
38.545,0.02,0.01,0.89
38.563,-0.01,-0.04,1.00
38.580,0.01,0.05,0.62
38.598,-0.01,-0.01,1.33
38.615,0.01,0.07,0.53
38.633,-0.00,-0.07,1.35
38.651,0.01,-0.06,1.18
38.669,-0.00,0.16,-0.79
38.687,0.02,-0.17,0.53
38.704,-0.00,0.12,-0.41
38.722,0.01,-0.06,0.35
38.732,-0.00,0.04,-0.29
38.749,0.00,-0.06,0.25
38.767,-0.00,0.06,-0.20
38.785,0.00,-0.04,0.17
38.803,-0.00,0.02,-0.13
38.821,-0.00,-0.03,0.10
38.838,0.00,0.02,-0.06
38.856,-0.00,-0.01,0.03
38.874,0.00,-0.00,0.00
38.892,-0.00,0.00,-0.02
38.910,-0.00,0.01,-0.04
38.928,0.00,-0.02,0.05
38.946,-0.00,0.01,-0.04
38.963,0.00,-0.01,0.03
38.983,-0.00,0.00,-0.02
39.001,0.00,-0.01,0.01
39.019,0.00,-0.01,0.01
39.037,0.00,0.00,-0.01
39.055,-0.00,-0.01,0.02
39.073,0.00,-0.01,0.02
39.091,-0.00,0.00,-0.01
39.109,-0.00,-0.00,0.01
39.126,-0.00,-0.00,0.01
39.144,-0.00,0.00,-0.01
39.162,0.00,-0.00,0.01
39.180,0.00,0.00,-0.01
39.199,-0.00,-0.00,0.01
39.217,-0.00,-0.00,0.00
39.235,0.00,-0.01,0.01
39.265,-0.00,-0.00,0.01
39.282,0.00,-0.00,-0.00
39.299,0.00,-0.00,0.01
39.317,-0.00,-0.00,-0.00
39.334,0.00,-0.00,0.00
39.352,0.00,-0.00,0.01
39.369,0.00,-0.00,-0.00
39.386,-0.00,-0.00,0.01
39.404,-0.00,-0.00,0.00
39.421,0.00,-0.01,0.00
39.439,0.00,-0.01,0.00
39.456,-0.00,-0.00,0.00
39.474,0.00,-0.00,0.01
39.491,-0.00,-0.00,0.00
39.508,-0.00,-0.00,0.00
39.526,0.00,-0.00,0.00
39.543,0.00,0.00,0.00
39.560,0.00,-0.00,0.00
39.577,-0.00,-0.00,0.00
39.595,0.00,-0.00,0.00
39.612,-0.00,-0.00,-0.00
39.629,0.00,-0.00,0.00
39.646,-0.00,-0.00,0.00
39.664,0.00,-0.00,0.00
39.682,-0.00,0.00,0.00
39.699,0.00,-0.00,0.00
39.716,0.00,-0.00,0.00
39.734,-0.00,-0.00,-0.00
39.751,-0.00,-0.00,0.00
39.782,-0.00,0.00,0.00
39.816,0.00,-0.00,0.00
39.832,0.00,-0.00,0.00
39.848,0.00,-0.00,0.00
39.865,0.00,-0.00,0.00
39.882,0.00,-0.00,0.00
39.899,-0.00,-0.00,0.00
39.915,-0.00,-0.00,0.00
39.932,0.00,-0.00,0.00
39.949,-0.00,-0.00,0.00
39.966,0.00,-0.00,0.00
39.983,0.00,-0.00,0.00
40.000,-0.00,-0.00,0.00
40.017,0.00,-0.00,0.00
40.034,-0.00,-0.01,0.00
40.051,0.00,-0.00,0.00
40.068,-0.00,-0.00,-0.00
40.085,-0.00,-0.00,0.00
40.102,-0.00,-0.00,0.00
40.119,-0.00,-0.00,-0.00
40.136,-0.00,-0.00,0.00
40.153,0.00,-0.00,0.00
40.171,0.00,-0.00,0.00
40.188,-0.00,-0.00,0.00
40.205,-0.00,-0.00,0.00
40.222,0.00,-0.00,0.00
40.239,0.00,-0.00,0.00
40.256,-0.00,-0.00,0.00
40.274,0.00,-0.00,0.00
40.291,-0.00,-0.00,-0.00
40.308,0.00,-0.00,0.00
40.325,-0.00,-0.00,0.00
40.342,-0.00,-0.00,-0.00
40.360,-0.00,-0.00,0.00
40.377,0.00,-0.00,0.00
40.394,0.00,-0.00,0.00
40.412,0.00,-0.00,0.00
40.429,0.00,-0.00,0.00
40.446,-0.00,-0.00,0.00
40.463,0.00,-0.00,0.00
40.482,-0.00,-0.00,0.00
40.499,-0.00,-0.00,0.00
40.516,0.00,-0.00,0.00
40.534,-0.00,-0.00,0.00
40.549,0.00,-0.00,0.00
40.565,-0.00,-0.00,0.00
40.582,-0.00,-0.01,0.00
40.599,0.00,-0.00,0.00
40.616,-0.00,-0.00,0.00
40.633,0.00,-0.00,-0.00
40.650,0.00,-0.00,0.00
40.667,0.00,-0.00,0.00
40.684,0.00,-0.00,0.00
40.701,0.00,0.00,0.00
40.718,0.00,-0.00,0.00
40.735,0.00,-0.00,0.00
40.752,0.00,-0.00,0.00
40.769,-0.00,-0.00,0.00
40.786,-0.00,-0.00,0.00
40.803,0.00,-0.00,-0.00
40.820,0.00,-0.00,0.00
40.837,-0.00,0.00,0.00
40.854,-0.00,-0.00,0.00
40.871,0.00,-0.00,0.00
40.888,-0.00,-0.00,-0.00
40.905,0.00,0.00,0.00
40.922,-0.00,-0.00,0.00
40.939,0.00,-0.00,0.00
40.956,0.00,-0.00,0.00
40.973,-0.00,-0.01,0.00
40.991,-0.00,-0.00,0.00
41.007,0.00,-0.00,0.00
41.025,-0.00,-0.00,-0.00
41.041,0.00,-0.00,0.00
41.048,0.00,-0.00,0.00
41.065,0.00,-0.00,0.00
41.082,0.00,-0.00,0.00
41.098,0.00,-0.00,0.00
41.115,0.00,-0.00,0.00
41.132,-0.00,-0.00,0.00
41.149,-0.00,-0.00,0.00
41.166,0.00,-0.00,0.00
41.183,-0.00,0.00,0.00
41.200,0.00,-0.00,0.00
41.216,0.00,0.00,0.00
41.234,0.00,-0.00,0.00
41.251,-0.00,-0.00,0.00
41.268,-0.00,-0.00,0.00
41.285,0.00,-0.00,0.00
41.302,-0.00,-0.00,0.00
41.332,0.00,-0.00,0.00
41.349,-0.00,0.00,0.00
41.365,0.00,-0.00,0.00
41.381,-0.00,-0.00,0.00
41.398,-0.00,-0.00,0.00
41.432,-0.00,-0.00,0.00
41.448,0.00,-0.00,0.00
41.464,-0.00,-0.00,0.00
41.481,0.00,-0.00,0.00
41.498,-0.00,-0.00,0.00
41.515,0.00,-0.00,-0.00
41.532,-0.00,-0.00,0.00
41.548,0.00,-0.00,0.00
41.565,0.00,-0.00,0.00
41.582,0.00,0.00,0.00
41.599,-0.00,-0.00,0.00
41.615,0.00,-0.01,0.00
41.632,0.00,-0.00,0.00
41.649,-0.00,-0.00,0.00
41.666,0.01,0.07,1.45
41.683,0.01,0.02,0.43
41.700,0.01,-0.10,1.30
41.717,0.00,0.10,0.43
41.734,0.01,-0.04,1.33
41.751,-0.00,-0.01,0.58
41.768,0.01,-0.01,1.19
41.785,-0.00,-0.01,0.54
41.802,0.01,-0.01,0.97
41.819,0.01,0.07,0.68
41.849,-0.01,-0.10,1.21
41.865,0.01,0.11,0.44
41.881,-0.02,-0.05,1.48
41.898,0.02,0.10,0.40
41.915,-0.02,-0.07,1.45
41.932,0.03,0.10,0.32
41.949,0.03,0.00,0.51
41.966,-0.02,-0.00,1.19
41.983,0.03,-0.03,0.62
41.999,-0.02,-0.03,0.86
42.017,0.03,-0.04,1.10
42.034,-0.02,0.08,0.65
42.051,0.01,-0.10,1.23
42.068,0.00,0.14,0.44
42.085,-0.01,-0.04,1.46
42.102,0.01,0.08,0.44
42.118,-0.02,-0.06,1.35
42.136,0.03,0.02,0.39
42.153,-0.03,-0.04,1.18
42.170,0.04,-0.03,0.71
42.187,-0.03,-0.00,0.94
42.199,0.04,-0.06,0.91
42.215,-0.03,0.08,0.66
42.232,0.03,-0.06,1.33
42.250,-0.01,0.12,0.46
42.267,-0.01,-0.09,1.43
42.284,0.02,0.13,0.36
42.301,-0.03,-0.06,1.36
42.319,0.04,-0.01,0.53
42.336,-0.03,-0.01,1.19
42.353,0.05,-0.03,0.56
42.371,0.06,-0.03,1.03
42.388,-0.04,0.06,0.72
42.406,0.04,-0.08,1.16
42.423,-0.02,0.12,0.51
42.441,0.01,-0.05,1.43
42.458,0.00,0.08,0.42
42.476,-0.02,-0.07,1.42
42.494,0.04,0.06,0.31
42.511,-0.05,-0.07,1.27
42.528,0.06,-0.03,0.59
42.546,-0.05,0.02,1.10
42.564,-0.06,0.04,0.76
42.582,0.06,-0.05,1.25
42.600,-0.05,0.10,0.53
42.617,0.03,-0.08,1.38
42.635,-0.00,0.13,0.42
42.653,-0.01,-0.05,1.33
42.671,0.02,0.01,0.53
42.689,-0.02,-0.00,1.25
42.699,0.05,-0.03,0.48
42.716,-0.04,-0.01,0.98
42.733,0.06,-0.07,1.00
42.751,-0.05,0.08,0.70
42.768,0.04,-0.12,1.18
42.786,-0.02,0.17,0.50
42.803,0.01,-0.06,1.39
42.821,-0.01,0.08,0.52
42.838,-0.00,-0.03,1.35
42.856,-0.02,-0.02,1.24
42.874,0.05,-0.03,0.65
42.891,-0.04,0.03,1.09
42.908,0.04,-0.09,0.70
42.925,-0.04,0.04,0.78
42.943,0.05,-0.06,1.18
42.960,-0.04,0.09,0.60
42.977,0.03,-0.10,1.30
42.994,-0.02,0.13,0.39
43.011,0.00,-0.07,1.45
43.028,0.00,0.06,0.44
43.045,-0.01,-0.03,1.39
43.062,0.03,-0.01,0.33
43.079,-0.03,-0.04,1.09
43.096,0.04,-0.06,0.87
43.113,0.03,-0.12,0.99
43.132,-0.01,0.14,0.61
43.149,0.02,-0.07,1.36
43.166,-0.02,0.08,0.45
43.183,0.01,-0.07,1.44
43.200,-0.01,0.10,0.40
43.217,-0.00,-0.07,1.22
43.234,0.01,0.00,0.63
43.251,-0.00,0.03,1.14
43.269,0.00,-0.07,0.63
43.286,0.00,0.05,0.89
43.303,0.01,-0.10,1.11
43.320,0.01,0.11,0.63
43.337,0.00,-0.11,1.24
43.354,0.00,0.14,0.43
43.371,-0.00,-0.09,1.41
43.387,-0.01,0.10,0.46
43.404,-0.01,0.03,0.35
43.421,0.02,-0.04,1.20
43.439,-0.01,-0.04,0.75
43.456,0.02,0.05,0.96
43.473,-0.02,-0.12,0.86
43.490,0.04,0.11,0.69
43.507,-0.02,-0.08,1.25
43.524,0.03,0.07,0.52
43.541,-0.01,-0.07,1.38
43.558,-0.00,0.12,0.41
43.575,0.01,-0.07,1.30
43.592,-0.01,0.02,0.60
43.609,0.02,0.00,1.14
43.626,-0.02,-0.06,0.62
43.643,0.04,0.05,0.91
43.660,-0.03,-0.10,1.05
43.678,0.04,0.12,0.66
43.695,0.03,0.16,0.45
43.715,-0.02,-0.09,1.45
43.732,-0.00,0.08,0.44
43.749,0.02,-0.03,1.38
43.766,-0.03,0.02,0.37
43.784,0.05,-0.02,1.18
43.801,-0.05,-0.05,0.73
43.818,0.07,0.05,0.97
43.835,-0.06,-0.11,0.84
43.852,0.08,0.09,0.70
43.869,-0.06,-0.08,1.28
43.886,0.06,0.09,0.55
43.903,-0.03,-0.06,1.34
43.920,0.01,0.10,0.39
43.938,0.01,-0.06,1.40
43.955,0.06,-0.00,1.35
43.972,-0.08,-0.03,0.40
43.989,0.11,-0.01,1.06
44.006,-0.11,-0.06,0.87
44.023,0.11,0.06,0.82
44.040,-0.10,-0.09,1.04
44.057,0.10,0.10,0.60
44.074,-0.07,-0.06,1.34
44.091,0.05,0.06,0.46
44.108,-0.02,-0.05,1.42
44.126,-0.02,0.08,0.35
44.143,0.05,-0.06,1.29
44.162,-0.05,0.01,0.59
44.181,-0.07,-0.06,0.65
44.199,0.09,0.03,0.86
44.217,-0.09,-0.04,1.07
44.235,0.09,0.06,0.67
44.249,-0.06,-0.08,1.23
44.265,0.03,0.13,0.50
44.283,-0.02,-0.06,1.35
44.300,0.01,0.02,0.45
44.318,0.03,-0.04,1.37
44.336,-0.04,0.03,0.34
44.353,0.07,-0.05,1.14
44.371,-0.07,-0.02,0.77
44.388,0.08,0.06,0.96
44.406,-0.07,-0.09,0.90
44.424,-0.07,-0.03,1.32
44.442,0.05,0.06,0.44
44.459,-0.02,-0.09,1.43
44.477,-0.01,0.12,0.37
44.495,0.04,-0.07,1.33
44.513,-0.04,-0.02,0.48
44.530,0.06,0.02,1.26
44.549,-0.07,-0.02,0.53
44.567,0.10,-0.02,0.99
44.585,-0.10,-0.03,0.98
44.602,-0.08,-0.05,1.15
44.620,0.06,0.09,0.52
44.638,-0.04,-0.05,1.37
44.656,0.02,0.06,0.51
44.673,0.00,-0.04,1.30
44.691,-0.02,0.02,0.39
44.708,0.04,-0.03,1.21
44.726,-0.04,-0.01,0.72
44.744,0.06,0.02,0.97
44.748,-0.05,-0.05,0.86
44.766,0.08,0.03,0.69
44.784,-0.06,-0.01,1.26
44.802,0.05,0.05,0.52
44.819,-0.02,-0.09,1.38
44.837,-0.00,0.13,0.36
44.855,0.01,-0.06,1.39
44.873,-0.02,-0.02,0.47
44.891,0.04,-0.01,1.25
44.909,-0.04,-0.00,0.49
44.926,-0.05,-0.03,0.90
44.944,0.06,0.04,0.81
44.962,-0.05,-0.04,1.08
44.980,0.05,0.07,0.58
44.999,-0.03,-0.03,1.36
45.017,0.02,0.07,0.42
45.034,-0.01,-0.10,1.45
45.052,-0.01,0.09,0.27
45.070,0.02,-0.07,1.34
45.088,0.03,-0.01,1.10
45.106,-0.02,-0.00,0.75
45.123,0.04,-0.01,0.78
45.141,-0.02,-0.01,1.18
45.159,0.03,0.06,0.59
45.177,-0.01,-0.09,1.33
45.194,0.01,0.12,0.39
45.212,-0.01,-0.05,1.44
45.230,0.00,0.01,0.39
45.249,-0.00,0.02,0.41
45.267,0.01,-0.05,1.09
45.285,-0.00,-0.02,0.86
45.302,0.02,0.03,0.83
45.320,-0.01,-0.05,1.04
45.338,0.02,0.06,0.58
45.356,-0.01,-0.03,1.37
45.373,0.01,0.08,0.47
45.391,-0.01,-0.07,1.41
45.409,-0.01,-0.06,1.32
45.426,0.01,-0.01,0.54
45.444,-0.00,-0.00,1.10
45.462,0.02,-0.02,0.69
45.479,-0.00,-0.01,0.80
45.497,0.02,-0.01,1.16
45.516,-0.01,0.05,0.63
45.534,0.01,-0.06,1.31
45.551,-0.00,0.10,0.42
45.569,-0.01,-0.05,1.42
45.587,0.01,0.02,0.39
45.604,0.02,0.05,0.30
45.622,-0.02,-0.09,1.08
45.639,0.03,-0.02,0.83
45.657,-0.02,0.03,0.85
45.675,0.02,-0.05,1.02
45.692,-0.02,0.05,0.61
45.710,0.02,-0.02,1.33
45.728,-0.01,0.06,0.47
45.745,0.00,-0.09,1.43
45.763,0.02,0.12,0.31
45.781,-0.03,-0.07,1.43
45.783,0.03,0.03,0.42
45.801,-0.03,-0.03,1.19
45.818,0.05,-0.02,0.62
45.836,-0.03,-0.00,0.90
45.854,0.05,-0.04,1.05
45.871,-0.03,0.05,0.71
45.889,0.04,-0.06,1.19
45.907,-0.03,0.10,0.51
45.924,0.01,-0.04,1.40
45.942,-0.01,0.06,0.43
45.959,0.02,0.05,0.29
45.977,-0.04,-0.05,1.30
45.995,0.06,-0.00,0.63
46.013,-0.05,-0.00,1.03
46.030,0.06,-0.06,0.81
46.049,-0.05,0.04,0.74
46.067,0.06,-0.02,1.21
46.085,-0.05,0.05,0.63
46.103,0.04,-0.04,1.28
46.121,0.00,-0.05,1.32
46.139,0.01,-0.00,0.48
46.156,-0.02,-0.00,1.31
46.174,0.05,-0.02,0.45
46.192,-0.05,-0.03,1.01
46.209,0.07,-0.03,0.96
46.227,-0.05,0.08,0.77
46.245,0.05,-0.11,1.13
46.262,-0.04,0.13,0.52
46.280,0.03,-0.08,1.38
46.282,-0.03,0.08,0.48
46.300,0.02,-0.05,1.38
46.318,-0.00,0.05,0.33
46.335,-0.01,-0.05,1.26
46.353,0.03,-0.01,0.61
46.371,-0.02,0.03,1.08
46.388,0.05,-0.07,0.76
46.406,-0.04,0.04,0.75
46.423,0.06,-0.05,1.23
46.441,-0.04,0.06,0.55
46.459,0.04,-0.09,1.35
46.477,0.00,-0.08,1.40
46.495,0.00,0.04,0.43
46.512,-0.02,-0.02,1.30
46.530,0.03,-0.02,0.42
46.549,-0.03,-0.02,0.99
46.567,0.05,-0.04,0.99
46.584,-0.04,0.06,0.74
46.602,0.03,-0.11,1.12
46.620,-0.02,0.12,0.54
46.637,0.02,-0.09,1.40
46.655,-0.02,0.10,0.46
46.673,-0.00,0.05,0.35
46.690,-0.01,-0.03,1.29
46.708,0.02,-0.02,0.59
46.725,-0.01,0.04,1.10
46.743,0.03,-0.08,0.70
46.760,-0.02,0.07,0.80
46.778,0.04,-0.09,1.17
46.796,-0.03,0.09,0.61
46.813,0.03,-0.08,1.29
46.832,0.02,-0.06,1.36
46.850,-0.01,0.04,0.55
46.868,0.02,-0.02,1.23
46.885,-0.00,-0.02,0.44
46.903,0.01,0.01,1.04
46.921,0.00,-0.06,0.89
46.938,0.00,0.08,0.80
46.956,0.00,-0.13,1.05
46.973,-0.01,0.12,0.56
46.991,0.01,-0.13,1.36
47.008,-0.02,0.12,0.50
47.026,-0.02,0.07,0.41
47.044,0.03,-0.05,1.22
47.061,-0.02,-0.00,0.63
47.079,0.02,0.02,1.02
47.097,-0.01,-0.07,0.75
47.116,0.02,0.06,0.80
47.134,-0.01,-0.09,1.19
47.151,0.01,0.12,0.59
47.169,-0.00,-0.15,1.29
47.187,-0.01,0.14,0.39
47.204,0.02,-0.12,1.43
47.222,0.03,-0.05,1.31
47.239,-0.03,0.01,0.39
47.257,0.04,-0.01,1.11
47.274,-0.03,-0.04,0.86
47.292,0.04,0.06,0.83
47.310,-0.02,-0.12,1.03
47.327,0.02,0.10,0.57
47.349,0.00,0.08,0.46
47.382,-0.02,0.11,0.35
47.415,-0.04,0.01,0.56
47.431,0.06,0.02,1.17
47.448,-0.05,-0.06,0.60
47.465,0.06,0.05,0.93
47.481,-0.06,-0.09,1.00
47.498,0.05,0.07,0.68
47.516,-0.05,-0.10,1.24
47.533,0.03,0.11,0.44
47.550,-0.02,-0.08,1.46
47.568,0.00,0.08,0.38
47.585,0.03,-0.06,1.46
47.602,-0.04,0.07,0.28
47.620,0.08,-0.04,1.27
47.637,-0.07,-0.02,0.63
47.654,0.08,0.02,0.98
47.671,-0.07,-0.08,0.85
47.689,0.06,0.06,0.69
47.706,0.04,0.08,0.48
47.723,-0.02,-0.11,1.41
47.741,-0.00,0.15,0.38
47.758,0.04,-0.07,1.36
47.775,-0.03,0.03,0.53
47.793,0.05,-0.00,1.19
47.810,-0.04,-0.03,0.55
47.828,0.06,0.01,0.93
47.848,-0.06,-0.06,1.06
47.866,0.04,0.08,0.67
47.883,-0.03,-0.14,1.19
47.901,-0.00,-0.09,1.44
47.918,-0.01,0.08,0.43
47.936,0.03,-0.04,1.42
47.953,-0.04,0.06,0.30
47.971,0.07,-0.04,1.36
47.988,-0.07,0.01,0.54
48.006,0.08,0.00,1.13
48.023,-0.08,-0.06,0.68
48.040,0.08,0.03,0.84
48.058,-0.07,-0.07,1.10
48.076,0.06,0.06,0.65
48.093,0.03,0.10,0.43
48.111,-0.00,-0.06,1.40
48.128,-0.00,0.04,0.47
48.146,0.03,-0.03,1.32
48.163,-0.03,0.01,0.37
48.182,0.06,-0.05,1.09
48.200,-0.06,-0.03,0.84
48.218,0.05,0.04,0.83
48.235,-0.05,-0.07,1.04
48.253,0.03,0.08,0.56
48.271,-0.03,-0.07,1.37
48.288,0.00,-0.05,1.41
48.306,-0.01,0.07,0.37
48.323,0.03,-0.06,1.28
48.341,-0.02,-0.02,0.54
48.365,0.03,0.01,1.17
48.382,-0.04,-0.01,0.64
48.400,0.05,-0.05,0.84
48.417,0.03,0.07,0.64
48.435,-0.02,-0.09,1.26
48.453,0.01,0.11,0.42
48.470,-0.00,-0.04,1.49
48.488,-0.01,0.05,0.38
48.506,0.02,-0.06,1.40
48.523,-0.02,0.05,0.33
48.541,0.04,-0.06,1.20
48.558,-0.03,-0.01,0.76
48.576,0.03,0.03,0.91
48.593,-0.03,-0.08,0.95
48.611,-0.02,-0.00,1.34
48.629,0.02,0.08,0.46
48.646,-0.01,-0.13,1.44
48.664,0.00,0.15,0.38
48.682,0.00,-0.05,1.33
48.700,0.00,-0.05,0.55
48.718,0.01,-0.01,1.13
48.735,-0.00,-0.00,0.63
48.753,0.01,-0.05,0.84
48.771,-0.00,-0.05,-0.41
48.789,0.02,-0.02,0.23
48.806,0.02,-0.05,0.14
48.824,-0.01,0.02,-0.15
48.841,0.01,-0.02,0.16
48.859,-0.01,0.03,-0.15
48.882,0.01,-0.04,0.15
48.899,-0.01,0.03,-0.14
48.917,0.01,-0.03,0.13
48.935,0.00,-0.02,0.08
48.952,-0.00,0.01,-0.05
48.970,0.00,-0.01,0.03
48.988,-0.00,-0.01,0.01
49.005,-0.00,0.00,-0.02
49.023,0.00,-0.01,0.04
49.040,0.00,0.01,-0.04
49.058,-0.00,-0.01,0.04
49.075,0.00,0.01,-0.02
49.093,0.00,-0.01,0.01
49.110,0.00,-0.00,0.01
49.127,0.00,-0.00,-0.01
49.145,0.00,-0.01,0.02
49.162,0.00,-0.01,0.02
49.180,-0.00,0.00,-0.01
49.199,0.00,-0.00,0.00
49.216,0.00,-0.00,0.01
49.234,-0.00,0.00,-0.01
49.252,0.00,-0.01,0.01
49.269,-0.00,-0.00,-0.01
49.287,0.00,-0.01,0.01
49.304,-0.00,-0.00,-0.00
49.321,0.00,0.00,-0.00
49.339,-0.00,-0.00,0.01
49.356,-0.00,-0.00,0.01
49.374,0.00,-0.00,-0.00
49.398,-0.00,-0.00,0.00
49.416,0.00,-0.00,0.00
49.433,-0.00,-0.00,-0.00
49.451,0.00,-0.00,0.01
49.468,-0.00,-0.00,-0.00
49.486,-0.00,-0.00,-0.00
49.504,-0.00,-0.00,0.00
49.521,-0.00,-0.00,0.01
49.539,0.00,0.00,-0.00
49.556,-0.00,-0.00,0.00
49.574,-0.00,-0.00,-0.00
49.592,0.00,-0.00,0.00
49.609,0.00,-0.00,0.00
49.627,-0.00,-0.00,-0.00
49.644,0.00,-0.00,0.01
49.662,0.00,-0.00,0.00
49.679,0.00,-0.00,0.00
49.697,-0.00,-0.00,0.00
49.716,-0.00,-0.00,0.00
49.733,0.00,-0.00,0.00
49.751,-0.00,-0.00,0.00
49.768,0.00,-0.00,0.00
49.786,-0.00,-0.00,0.00
49.804,-0.00,-0.00,0.00
49.821,0.00,-0.00,-0.00
49.839,0.00,-0.00,0.00
49.856,-0.00,-0.00,0.00
49.874,-0.00,-0.00,0.00
49.898,-0.00,-0.00,-0.00
49.916,-0.00,-0.00,0.00
49.933,0.00,-0.00,0.00
49.951,0.00,-0.00,-0.00
49.969,-0.00,-0.00,0.00
49.987,-0.00,-0.00,0.00
50.004,-0.00,0.00,0.00
50.022,0.00,-0.00,0.00
50.039,-0.00,-0.00,0.00
50.057,0.00,-0.01,0.00
50.075,-0.00,-0.00,0.00
50.092,-0.00,-0.00,0.00
50.110,0.00,-0.00,0.00
50.127,0.00,-0.00,0.00
50.145,0.00,0.00,0.00
50.163,-0.00,-0.00,0.00
50.180,0.00,-0.00,0.00
50.182,0.00,-0.00,0.00
50.200,0.00,-0.00,0.00
50.218,0.00,-0.00,0.00
50.235,-0.00,-0.00,0.00
50.253,-0.00,-0.00,0.00
50.271,0.00,-0.00,0.00
50.288,-0.00,-0.00,0.00
50.306,-0.00,-0.00,0.00
50.323,0.00,-0.00,-0.00
50.341,-0.00,0.00,-0.00
50.358,-0.00,-0.00,-0.00
50.376,-0.00,-0.00,0.00
50.399,-0.00,-0.00,0.00
50.416,-0.00,-0.00,0.00
50.434,-0.00,-0.00,0.00
50.452,0.00,-0.00,0.00
50.469,0.00,-0.00,0.00
50.487,-0.00,-0.00,0.00
50.505,-0.00,-0.00,0.00
50.523,-0.00,-0.00,0.00
50.540,0.00,-0.00,0.00
50.558,0.00,-0.00,0.00
50.576,-0.00,-0.00,0.00
50.593,0.00,-0.00,0.00
50.611,-0.00,-0.00,0.00
50.628,0.00,-0.00,0.00
50.646,0.00,-0.00,0.00
50.663,0.00,0.00,0.00
50.682,-0.00,0.00,0.00
50.700,-0.00,-0.00,0.00
50.717,0.00,-0.00,0.00
50.735,0.00,-0.00,0.00
50.752,-0.00,-0.00,0.00
50.769,0.00,-0.00,0.00
50.787,-0.00,-0.00,0.00
50.804,0.00,-0.00,0.00
50.821,0.00,-0.00,0.00
50.839,0.00,-0.00,0.00
50.856,0.00,-0.00,0.00
50.874,-0.00,0.00,0.00
50.891,-0.00,-0.00,0.00
50.898,0.00,-0.00,0.00
50.915,0.00,-0.00,0.00
50.932,-0.00,-0.00,0.00
50.950,0.00,-0.00,0.00
50.968,-0.00,0.00,0.00
50.985,-0.00,-0.00,0.00
51.003,0.00,-0.00,0.00
51.020,-0.00,-0.00,0.00
51.038,-0.00,-0.00,0.00
51.055,0.00,-0.00,0.00
51.073,-0.00,0.00,0.00
51.090,0.00,-0.00,0.00
51.108,0.00,-0.00,0.00
51.126,-0.00,-0.00,0.00
51.144,0.00,-0.00,-0.00
51.163,0.00,-0.00,0.00
51.181,0.00,-0.00,0.00
51.199,0.00,-0.00,0.00
51.216,-0.00,0.00,0.00
51.233,0.00,-0.02,-0.15
51.250,-0.00,-0.01,-0.16
51.267,0.00,0.01,0.06
51.284,-0.00,0.00,-0.00
51.302,-0.00,-0.01,-0.02
51.319,-0.00,-0.01,0.02
51.336,0.00,0.01,-0.02
51.354,0.00,-0.00,0.02
51.371,0.00,-0.00,-0.02
51.389,0.00,-0.00,0.02
51.406,0.00,0.00,-0.01
51.415,-0.00,-0.01,0.01
51.432,0.00,-0.00,-0.01
51.450,-0.00,0.00,0.01
51.467,0.00,-0.00,-0.01
51.485,0.00,-0.00,0.01
51.502,-0.00,-0.00,-0.01
51.520,-0.00,-0.00,0.01
51.538,-0.00,0.00,-0.00
51.555,0.00,-0.00,-0.00
51.573,-0.00,-0.00,0.01
51.590,-0.00,0.00,-0.00
51.608,-0.00,-0.00,0.01
51.625,-0.00,-0.00,-0.00
51.643,-0.00,-0.00,0.01
51.660,0.00,-0.00,-0.00
51.678,-0.00,-0.00,0.00
51.696,0.00,-0.00,-0.00
51.713,0.00,0.00,0.00
51.715,0.00,0.00,-0.00
51.733,-0.00,-0.00,0.00
51.751,0.00,-0.00,0.00
51.769,0.00,-0.00,0.00
51.786,0.00,-0.00,0.00
51.804,-0.00,-0.00,0.00
51.822,-0.00,-0.00,0.00
51.840,-0.00,-0.00,0.00
51.857,0.00,-0.00,-0.00
51.875,0.00,-0.00,0.00
51.893,0.00,-0.00,0.00
51.911,-0.00,-0.00,0.00
51.932,0.00,-0.00,0.00
51.950,0.00,-0.00,0.00
51.968,0.00,-0.00,0.00
51.986,-0.00,-0.00,0.00
52.004,0.00,-0.00,-0.00
52.021,0.00,0.00,-0.00
52.039,-0.00,-0.00,0.00
52.057,-0.00,-0.00,0.00
52.075,0.00,-0.00,0.00
52.093,0.00,-0.00,0.00
52.110,-0.00,-0.00,-0.00
52.129,0.00,-0.00,0.00
52.146,-0.00,-0.00,0.00
52.166,-0.00,-0.00,0.00
52.184,-0.00,0.00,0.00
52.201,0.00,-0.00,0.00
52.219,0.00,-0.00,-0.00
52.237,0.00,-0.00,-0.00
52.255,0.00,-0.01,0.00
52.273,-0.00,-0.00,0.00
52.290,0.00,-0.00,0.00
52.308,-0.01,-0.00,0.00
52.326,0.00,-0.00,0.00
52.343,-0.00,-0.00,-0.00
52.361,0.01,-0.00,0.00
52.365,-0.01,0.00,0.00
52.384,0.00,-0.00,0.00
52.402,-0.01,-0.00,0.00
52.419,0.00,-0.00,0.01
52.431,-0.00,0.00,-0.00
52.448,0.00,-0.01,0.00
52.466,-0.01,-0.01,-0.00
52.483,0.01,0.00,0.00
51.489,-0.00,-0.00,-0.01
51.506,-0.00,-0.00,0.01
51.521,-0.00,0.00,-0.00
51.538,-0.00,-0.00,0.01
51.553,0.00,-0.00,-0.00
51.571,-0.00,-0.00,0.01
51.586,-0.00,0.00,-0.00
51.603,-0.00,-0.00,0.01
51.618,-0.00,-0.00,-0.00
51.635,-0.00,-0.00,0.01
51.650,0.00,-0.00,-0.00
51.668,-0.00,-0.00,0.00
51.683,0.00,-0.00,-0.00
51.700,0.00,0.00,0.00
51.715,0.00,0.00,-0.00
51.733,-0.00,-0.00,0.00
51.747,0.00,-0.00,0.00
51.765,0.00,-0.00,0.00
51.780,0.00,-0.00,0.00
51.797,-0.00,-0.00,0.00
51.812,-0.00,-0.00,0.00
51.830,-0.00,-0.00,0.00
51.844,0.00,-0.00,-0.00
51.862,0.00,-0.00,0.00
51.877,0.00,-0.00,0.00
51.894,-0.00,-0.00,0.00
51.909,-0.00,-0.00,0.00
51.926,0.00,-0.00,0.00
51.941,0.00,-0.00,0.00
51.959,0.00,-0.00,0.00
51.974,-0.00,-0.00,0.00
51.991,0.00,-0.00,-0.00
52.006,0.00,0.00,-0.00
52.023,0.00,-0.00,0.00
52.038,-0.00,-0.00,0.00
52.056,-0.00,-0.00,0.00
52.071,0.00,-0.00,0.00
52.088,0.00,-0.00,0.00
52.103,-0.00,-0.00,-0.00
52.120,0.00,-0.00,0.00
52.135,-0.00,-0.00,0.00
52.153,-0.00,-0.00,0.00
52.168,-0.00,0.00,0.00
52.185,0.00,-0.00,0.00
52.200,0.00,-0.00,0.00
52.217,0.00,-0.00,-0.00
52.233,0.00,-0.00,-0.00
52.250,0.00,-0.01,0.00
52.265,-0.00,-0.00,0.00
52.282,0.00,-0.00,0.00
52.297,-0.01,-0.00,0.00
52.314,0.00,-0.00,0.00
52.330,-0.00,-0.00,-0.00
52.347,0.01,-0.00,0.00
52.362,-0.01,0.00,0.00
52.379,0.00,-0.00,0.00
52.394,-0.01,-0.00,0.00
52.412,0.00,-0.00,0.01
52.426,-0.00,0.00,-0.00
52.444,0.00,-0.01,0.00
52.459,-0.01,-0.01,-0.00
52.476,0.01,0.00,0.00
