time,ax,ay,az,wx,wy,wz
2025-01-27T11:04:11.464Z,0.0757,-0.0788,-0.0027,0.0090,0.0015,-0.0090
2025-01-27T11:04:11.474Z,-0.0834,0.0444,0.0121,-0.0111,-0.0003,-0.0083
2025-01-27T11:04:11.484Z,0.0104,0.0346,-0.0219,0.0050,0.0014,-0.0035
2025-01-27T11:04:11.493Z,0.0766,-0.0563,0.0120,0.0045,-0.0072,0.0206
2025-01-27T11:04:11.504Z,-0.1055,0.0598,0.0344,-0.0095,0.0034,-0.0136
2025-01-27T11:04:11.514Z,0.0542,-0.0031,-0.0427,0.0046,-0.0028,0.0112
2025-01-27T11:04:11.524Z,0.0216,-0.0160,0.0133,0.0029,-0.0069,0.0087
2025-01-27T11:04:11.534Z,-0.0798,0.0338,0.0275,-0.0080,0.0027,-0.0130
2025-01-27T11:04:11.543Z,0.0838,-0.0016,-0.0585,0.0027,-0.0052,0.0035
2025-01-27T11:04:11.554Z,-0.0146,0.0144,0.0223,0.0037,-0.0014,0.0130
2025-01-27T11:04:11.564Z,-0.0292,0.0500,0.0141,-0.0063,-0.0003,-0.0194
2025-01-27T11:04:11.574Z,0.0877,-0.0212,-0.0157,-0.0003,-0.0043,0.0229
2025-01-27T11:04:11.584Z,-0.0167,0.0302,-0.0198,0.0052,-0.0098,-0.0057
2025-01-27T11:04:11.593Z,-0.0559,0.0071,0.0382,-0.0065,0.0085,-0.0065
2025-01-27T11:04:11.604Z,0.0970,-0.0298,-0.0554,0.0016,-0.0119,0.0219
2025-01-27T11:04:11.614Z,-0.1069,0.0887,0.0234,0.0005,0.0065,-0.0109
2025-01-27T11:04:11.623Z,0.0217,-0.0355,0.0036,-0.0010,-0.0008,-0.0053
2025-01-27T11:04:11.634Z,0.0729,-0.0324,-0.0338,0.0012,-0.0047,0.0177
2025-01-27T11:04:11.643Z,-0.1174,0.0719,0.0195,-0.0002,-0.0002,-0.0092
2025-01-27T11:04:11.656Z,0.0174,0.0058,0.0013,0.0003,-0.0041,-0.0041
2025-01-27T11:04:11.664Z,0.0174,0.0058,0.0013,-0.0006,-0.0012,0.0286
2025-01-27T11:04:11.673Z,-0.0766,0.0806,-0.0103,-0.0014,-0.0046,-0.0128
2025-01-27T11:04:11.684Z,0.0502,-0.0380,0.0130,0.0008,-0.0014,-0.0011
2025-01-27T11:04:11.693Z,0.0675,-0.0376,-0.0275,0.0025,-0.0105,0.0177
2025-01-27T11:04:11.705Z,0.0802,-0.0136,-0.0265,-0.0055,0.0038,-0.0135
2025-01-27T11:04:11.714Z,0.0802,-0.0136,-0.0265,-0.0007,-0.0031,0.0009
2025-01-27T11:04:11.724Z,0.0457,0.0053,-0.0091,0.0006,0.0001,0.0192
2025-01-27T11:04:11.734Z,-0.0931,0.0654,0.0153,-0.0039,-0.0044,-0.0183
2025-01-27T11:04:11.743Z,0.0663,-0.0385,-0.0304,0.0013,-0.0025,0.0139
2025-01-27T11:04:11.756Z,-0.0560,0.0264,0.0214,-0.0008,-0.0045,0.0059
2025-01-27T11:04:11.764Z,-0.0560,0.0264,0.0214,-0.0029,0.0017,-0.0146
2025-01-27T11:04:11.773Z,0.1007,-0.0219,-0.0229,0.0016,-0.0057,0.0159
2025-01-27T11:04:11.784Z,-0.0469,0.0363,0.0205,0.0008,-0.0031,0.0001
2025-01-27T11:04:11.793Z,-0.0394,0.0361,0.0103,-0.0019,0.0033,-0.0017
2025-01-27T11:04:11.806Z,-0.0520,0.0265,0.0202,0.0040,-0.0100,0.0076
2025-01-27T11:04:11.814Z,-0.0520,0.0265,0.0202,-0.0023,-0.0027,0.0020
2025-01-27T11:04:11.824Z,0.0095,0.0175,-0.0379,0.0014,-0.0047,-0.0048
2025-01-27T11:04:11.835Z,-0.0264,0.0383,-0.0120,0.0003,-0.0023,0.0109
2025-01-27T11:04:11.843Z,-0.0264,0.0383,-0.0120,-0.0022,-0.0041,-0.0059
2025-01-27T11:04:11.856Z,0.0508,-0.0011,-0.0162,-0.0026,0.0008,0.0024
2025-01-27T11:04:11.864Z,0.0508,-0.0011,-0.0162,0.0035,-0.0092,0.0112
2025-01-27T11:04:11.873Z,-0.0781,0.0369,0.0222,-0.0007,0.0044,-0.0083
2025-01-27T11:04:11.885Z,0.0211,-0.0059,-0.0087,0.0022,-0.0049,0.0023
2025-01-27T11:04:11.895Z,-0.0529,0.0445,0.0234,0.0012,-0.0002,0.0157
2025-01-27T11:04:11.906Z,0.0410,-0.0198,-0.0169,-0.0008,-0.0072,-0.0195
2025-01-27T11:04:11.914Z,-0.0024,0.0176,0.0102,-0.0005,0.0014,0.0162
2025-01-27T11:04:11.925Z,-0.0503,0.0159,0.0093,0.0016,-0.0058,0.0015
2025-01-27T11:04:11.934Z,0.0586,-0.0002,-0.0141,-0.0013,0.0029,-0.0019
2025-01-27T11:04:11.944Z,-0.0230,0.0035,0.0058,0.0005,-0.0066,0.0048
2025-01-27T11:04:11.956Z,0.0003,0.0035,0.0045,-0.0025,0.0021,-0.0022
2025-01-27T11:04:11.964Z,0.0318,0.0091,-0.0166,-0.0018,-0.0061,0.0031
2025-01-27T11:04:11.974Z,-0.0372,0.0311,0.0108,0.0015,-0.0033,0.0053
2025-01-27T11:04:11.984Z,0.0407,-0.0125,-0.0115,-0.0027,-0.0022,-0.0060
2025-01-27T11:04:11.994Z,-0.0231,0.0092,-0.0061,-0.0018,-0.0036,0.0121
2025-01-27T11:04:12.006Z,-0.0134,0.0165,-0.0075,0.0012,-0.0034,0.0046
2025-01-27T11:04:12.014Z,0.0194,0.0160,-0.0018,-0.0015,-0.0008,-0.0001
2025-01-27T11:04:12.024Z,0.0043,-0.0070,0.0097,0.0014,-0.0030,-0.0032
2025-01-27T11:04:12.034Z,-0.0196,0.0260,-0.0292,-0.0009,-0.0031,0.0101
2025-01-27T11:04:12.044Z,0.0029,-0.0158,0.0162,-0.0027,-0.0018,0.0028
2025-01-27T11:04:12.055Z,0.0344,0.0014,-0.0305,-0.0024,-0.0011,0.0002
2025-01-27T11:04:12.064Z,-0.0434,0.0312,0.0195,0.0027,-0.0049,0.0101
2025-01-27T11:04:12.074Z,0.0217,0.0064,-0.0114,-0.0016,0.0004,-0.0054
2025-01-27T11:04:12.084Z,0.0227,-0.0019,0.0013,0.0011,-0.0013,0.0017
2025-01-27T11:04:12.094Z,-0.0705,0.0667,0.0021,-0.0001,-0.0059,0.0132
2025-01-27T11:04:12.105Z,0.0460,-0.0338,-0.0015,-0.0025,0.0005,-0.0131
2025-01-27T11:04:12.114Z,0.0179,-0.0064,-0.0299,-0.0023,-0.0045,0.0037
2025-01-27T11:04:12.124Z,-0.3316,0.3586,0.0053,0.0111,0.0557,0.5557
2025-01-27T11:04:12.134Z,-2.6283,2.1748,-0.0668,0.0037,-0.0644,1.6748
2025-01-27T11:04:12.143Z,0.3941,-0.9311,0.3536,0.0141,-0.0365,0.5008
2025-01-27T11:04:12.155Z,2.8012,-1.2812,-0.6876,0.0566,-0.1672,1.5214
2025-01-27T11:04:12.164Z,-3.2398,1.8834,0.5492,0.0566,-0.1672,1.5214
2025-01-27T11:04:12.173Z,0.4807,-0.6853,0.0613,-0.0193,0.0440,0.5407
2025-01-27T11:04:12.185Z,2.8258,-1.3194,-0.6213,0.0590,-0.0785,1.5184
2025-01-27T11:04:12.193Z,-2.9433,1.6988,0.5748,0.0590,-0.0785,1.5184
2025-01-27T11:04:12.205Z,-0.6418,0.2975,-0.0789,-0.0046,0.1177,0.3759
2025-01-27T11:04:12.214Z,2.9077,-1.7336,-0.2986,-0.0046,0.1177,0.3759
2025-01-27T11:04:12.224Z,-1.1759,0.6900,0.1491,0.0429,-0.0370,1.1605
2025-01-27T11:04:12.235Z,-1.7698,1.1104,0.1765,-0.0124,0.0597,0.2782
2025-01-27T11:04:12.244Z,2.2547,-1.5105,-0.2812,-0.0124,0.0597,0.2782
2025-01-27T11:04:12.255Z,0.1899,-0.0379,-0.0330,0.0150,-0.0522,1.2818
2025-01-27T11:04:12.264Z,-2.0964,1.2171,0.3166,0.0150,-0.0522,1.2818
2025-01-27T11:04:12.273Z,0.8144,-0.3524,-0.2861,-0.0227,0.0334,0.7934
2025-01-27T11:04:12.284Z,0.9769,-0.8272,0.0432,0.0139,-0.0235,1.1023
2025-01-27T11:04:12.293Z,-1.0299,0.6686,0.0898,0.0139,-0.0235,1.1023
2025-01-27T11:04:12.305Z,-0.3352,0.2991,-0.0376,-0.0119,-0.0085,0.9927
2025-01-27T11:04:12.314Z,1.0642,-0.8205,-0.0459,0.0167,0.0091,0.8586
2025-01-27T11:04:12.324Z,-0.1138,0.0650,0.0251,0.0167,0.0091,0.8586
2025-01-27T11:04:12.334Z,-0.8083,0.5556,0.0626,0.0030,0.0096,0.9636
2025-01-27T11:04:12.344Z,0.1249,0.0189,-0.1164,0.0204,-0.0019,0.7408
2025-01-27T11:04:12.355Z,0.4482,-0.5394,0.1147,0.0204,-0.0019,0.7408
2025-01-27T11:04:12.364Z,0.0454,0.1317,-0.1423,0.0020,-0.0342,1.1371
2025-01-27T11:04:12.374Z,-0.8460,0.5852,0.0846,0.0118,0.0121,0.6534
2025-01-27T11:04:12.384Z,0.5866,-0.5568,0.0127,0.0078,0.0524,0.6866
2025-01-27T11:04:12.394Z,0.8546,-0.4612,-0.1220,0.0065,-0.0391,1.0795
2025-01-27T11:04:12.405Z,-1.1523,0.7276,0.1476,0.0082,0.0114,1.0519
2025-01-27T11:04:12.414Z,-0.3128,0.2603,-0.0479,0.0089,-0.0104,0.6577
2025-01-27T11:04:12.424Z,0.8568,-0.7280,0.0214,0.0032,0.0312,0.8932
2025-01-27T11:04:12.434Z,0.0776,0.0633,-0.0894,0.0089,-0.0434,1.2094
2025-01-27T11:04:12.444Z,-1.1289,0.7752,0.0785,0.0109,0.0122,0.6595
2025-01-27T11:04:12.455Z,0.5672,-0.5932,0.0196,0.0099,0.0638,0.6637
2025-01-27T11:04:12.464Z,1.1643,-0.6509,-0.1755,0.0030,-0.0528,1.1209
2025-01-27T11:04:12.474Z,-1.3594,0.8925,0.1470,0.0101,0.0190,1.0388
2025-01-27T11:04:12.484Z,-0.3133,0.2239,-0.0752,0.0098,0.0042,0.6164
2025-01-27T11:04:12.494Z,1.0296,-0.8044,-0.0291,0.0050,0.0259,0.8996
2025-01-27T11:04:12.505Z,-0.0726,0.1290,-0.0512,0.0061,-0.0309,1.2141
2025-01-27T11:04:12.514Z,-1.0258,0.7411,0.0762,0.0121,0.0005,0.6727
2025-01-27T11:04:12.524Z,0.5112,-0.5641,0.0384,0.0074,0.0706,0.6923
2025-01-27T11:04:12.534Z,1.1442,-0.6521,-0.1629,-0.0030,-0.0716,1.0186
2025-01-27T11:04:12.544Z,-1.2499,0.8346,0.1206,0.0159,0.0500,1.0342
2025-01-27T11:04:12.555Z,-0.2018,0.1296,-0.0379,0.0059,-0.0319,0.7581
2025-01-27T11:04:12.564Z,0.5485,-0.4393,0.0006,-0.0017,0.0511,0.8680
2025-01-27T11:04:12.575Z,0.0885,-0.0418,-0.0284,0.0065,-0.0239,1.0773
2025-01-27T11:04:12.584Z,-0.5144,0.4486,-0.0014,0.0118,0.0041,0.8721
2025-01-27T11:04:12.594Z,-0.0953,-0.1395,0.0817,0.0061,0.0341,0.6567
2025-01-27T11:04:12.606Z,0.9944,-0.6294,-0.1058,-0.0005,-0.0218,0.9007
2025-01-27T11:04:12.614Z,-0.4766,0.3621,0.0388,0.0139,0.0126,1.1474
2025-01-27T11:04:12.624Z,-0.7257,0.5156,0.0209,0.0103,-0.0194,0.8173
2025-01-27T11:04:12.634Z,0.2978,-0.3355,0.0182,0.0041,0.0562,0.6914
2025-01-27T11:04:12.643Z,0.8053,-0.4940,-0.0874,0.0046,-0.0171,1.1823
2025-01-27T11:04:12.655Z,-0.7862,0.7148,0.0212,0.0122,-0.0412,0.9454
2025-01-27T11:04:12.664Z,-0.6261,0.1637,0.1276,0.0136,0.0662,0.4751
2025-01-27T11:04:12.674Z,1.7335,-1.1827,-0.1317,-0.0143,-0.0379,0.9405
2025-01-27T11:04:12.684Z,-0.6385,0.6581,-0.0530,0.0130,0.0093,1.1150
2025-01-27T11:04:12.693Z,-1.0576,0.5378,0.1337,0.0240,0.0071,0.7871
2025-01-27T11:04:12.704Z,0.7697,-0.4932,-0.1022,-0.0080,0.0234,0.7934
2025-01-27T11:04:12.714Z,0.3026,-0.2532,0.0194,0.0084,0.0059,1.0789
2025-01-27T11:04:12.724Z,-0.4594,0.5322,-0.0681,0.0146,-0.0314,0.9957
2025-01-27T11:04:12.734Z,-0.4722,0.0958,0.1421,0.0104,0.0368,0.5292
2025-01-27T11:04:12.743Z,1.1007,-0.8119,-0.0900,-0.0075,0.0041,0.8341
2025-01-27T11:04:12.754Z,-0.0072,0.2591,-0.1029,0.0110,-0.0035,1.1705
2025-01-27T11:04:12.764Z,-1.1469,0.6517,0.1515,0.0199,-0.0038,0.8842
2025-01-27T11:04:12.774Z,0.2427,-0.2080,-0.0440,-0.0018,0.0375,0.7117
2025-01-27T11:04:12.784Z,0.8587,-0.6330,-0.0468,-0.0024,-0.0129,1.0423
2025-01-27T11:04:12.793Z,-0.5065,0.5464,-0.0626,0.0128,-0.0234,1.0406
2025-01-27T11:04:12.804Z,-0.7078,0.2329,0.1416,0.0156,0.0285,0.5615
2025-01-27T11:04:12.814Z,1.0936,-0.8082,-0.0758,-0.0163,0.0174,0.8255
2025-01-27T11:04:12.824Z,0.1048,0.1525,-0.1011,0.0105,-0.0128,1.0691
2025-01-27T11:04:12.834Z,-0.9645,0.5565,0.1326,0.0269,0.0093,0.9427
2025-01-27T11:04:12.843Z,0.1300,-0.1322,-0.0153,-0.0081,0.0083,0.7843
2025-01-27T11:04:12.854Z,0.5230,-0.4031,-0.0124,0.0030,0.0100,0.9378
2025-01-27T11:04:12.864Z,-0.0936,0.2382,-0.0748,0.0113,-0.0218,1.0930
2025-01-27T11:04:12.873Z,-0.6680,0.3393,0.1144,0.0133,-0.0020,0.6655
2025-01-27T11:04:12.884Z,0.5145,-0.5064,-0.0100,-0.0001,0.0544,0.7119
2025-01-27T11:04:12.893Z,0.7470,-0.2742,-0.1085,-0.0017,-0.0275,1.1291
2025-01-27T11:04:12.904Z,-1.0528,0.7517,0.0822,0.0270,-0.0089,1.0260
2025-01-27T11:04:12.914Z,-0.3829,0.1124,0.0339,0.0074,0.0155,0.6231
2025-01-27T11:04:12.923Z,1.1224,-0.8209,-0.0280,-0.0102,0.0116,0.9427
2025-01-27T11:04:12.934Z,-0.1273,0.3647,-0.1334,0.0112,-0.0279,1.1550
2025-01-27T11:04:12.943Z,-1.0720,0.6066,0.1401,0.0304,0.0129,0.6132
2025-01-27T11:04:12.954Z,0.8034,-0.7953,0.0329,-0.0079,0.0623,0.7654
2025-01-27T11:04:12.964Z,0.7787,-0.2014,-0.1741,-0.0142,-0.0572,1.0297
2025-01-27T11:04:12.974Z,-1.1380,0.7749,0.0762,0.0473,0.0355,1.0009
2025-01-27T11:04:12.984Z,-0.0422,-0.1250,0.0557,-0.0087,-0.0263,0.7522
2025-01-27T11:04:12.993Z,0.4873,-0.3393,-0.0145,-0.0062,0.0410,0.8748
2025-01-27T11:04:13.004Z,0.0967,0.1002,-0.1131,0.0218,-0.0171,1.1302
2025-01-27T11:04:13.014Z,-0.6085,0.4460,0.1004,0.0106,-0.0166,0.7478
2025-01-27T11:04:13.024Z,0.0734,-0.4011,0.0666,0.0108,0.0668,0.6597
2025-01-27T11:04:13.034Z,1.1627,-0.4912,-0.1950,-0.0142,-0.0434,1.0088
2025-01-27T11:04:13.043Z,-0.8730,0.6104,0.0699,0.0319,0.0150,1.1242
2025-01-27T11:04:13.054Z,-0.6908,0.3385,0.0435,0.0092,-0.0155,0.6679
2025-01-27T11:04:13.064Z,0.7847,-0.6187,0.0189,-0.0147,0.0484,0.8290
2025-01-27T11:04:13.073Z,0.3765,-0.0285,-0.1552,0.0090,-0.0179,1.1841
2025-01-27T11:04:13.084Z,-0.9124,0.6670,0.1001,0.0231,-0.0222,0.8126
2025-01-27T11:04:13.093Z,-0.0362,-0.3250,0.0869,0.0055,0.0668,0.5740
2025-01-27T11:04:13.104Z,1.4354,-0.8221,-0.1166,-0.0258,-0.0280,1.0336
2025-01-27T11:04:13.114Z,-0.7852,0.8535,-0.0451,0.0295,-0.0115,1.1289
2025-01-27T11:04:13.123Z,-1.0180,0.3752,0.1653,0.0277,0.0156,0.6859
2025-01-27T11:04:13.134Z,1.0160,-0.7597,-0.0119,-0.0308,0.0344,0.8279
2025-01-27T11:04:13.143Z,0.3656,0.0443,-0.1807,0.0130,-0.0147,1.1345
2025-01-27T11:04:13.154Z,-0.9157,0.6333,0.0888,0.0350,-0.0181,0.8624
2025-01-27T11:04:13.164Z,-0.0270,-0.3247,0.1152,-0.0116,0.0368,0.5857
2025-01-27T11:04:13.173Z,1.1086,-0.6641,-0.1443,-0.0085,0.0039,0.9442
2025-01-27T11:04:13.184Z,-0.3403,0.5620,-0.1178,0.0265,-0.0184,1.1850
2025-01-27T11:04:13.193Z,-1.0980,0.4827,0.1943,0.0220,-0.0023,0.7269
2025-01-27T11:04:13.204Z,0.6489,-0.5765,0.0135,-0.0149,0.0647,0.8170
2025-01-27T11:04:13.214Z,0.7616,-0.1752,-0.2015,0.0011,-0.0346,1.0955
2025-01-27T11:04:13.223Z,-0.9458,0.6153,0.1088,0.0381,-0.0051,0.9186
2025-01-27T11:04:13.234Z,-0.1644,-0.1731,0.0768,-0.0061,0.0209,0.5833
2025-01-27T11:04:13.243Z,1.0771,-0.6819,-0.0720,-0.0175,0.0066,0.8732
2025-01-27T11:04:13.254Z,-0.2620,0.4854,-0.1183,0.0295,0.0005,1.0602
2025-01-27T11:04:13.264Z,-0.7546,0.2582,0.1790,0.0201,-0.0044,0.9074
2025-01-27T11:04:13.273Z,0.1331,-0.1275,-0.0369,-0.0137,0.0171,0.7414
2025-01-27T11:04:13.284Z,0.6029,-0.3388,-0.0891,0.0182,0.0179,0.9878
2025-01-27T11:04:13.293Z,-0.1175,0.2429,-0.0114,0.0068,-0.0351,1.1198
2025-01-27T11:04:13.305Z,-0.8926,0.4507,0.0839,0.0093,0.0066,0.5194
2025-01-27T11:04:13.314Z,0.8315,-0.8086,-0.0058,0.0055,0.0662,0.7554
2025-01-27T11:04:13.323Z,0.7975,-0.1463,-0.1604,-0.0221,-0.0435,1.2545
2025-01-27T11:04:13.334Z,-1.5938,1.0750,0.1044,0.0476,-0.0101,0.9081
2025-01-27T11:04:13.343Z,-0.0703,-0.3293,0.0782,0.0074,0.0591,0.6722
2025-01-27T11:04:13.354Z,1.4888,-0.8527,-0.0687,-0.0417,-0.0233,1.0334
2025-01-27T11:04:13.364Z,-0.6896,0.7955,-0.1455,0.0459,-0.0111,1.0883
2025-01-27T11:04:13.373Z,-0.8542,0.2895,0.1864,0.0282,0.0037,0.5534
2025-01-27T11:04:13.384Z,1.0553,-0.9692,0.0626,-0.0385,0.0573,0.7992
2025-01-27T11:04:13.393Z,0.4469,0.2058,-0.2896,0.0175,-0.0278,1.1276
2025-01-27T11:04:13.404Z,-1.1275,0.6903,0.1797,0.0456,-0.0138,0.9424
2025-01-27T11:04:13.414Z,-0.1665,-0.2609,0.1273,-0.0267,0.0317,0.6982
2025-01-27T11:04:13.423Z,1.0113,-0.4843,-0.1775,-0.0035,0.0070,0.9494
2025-01-27T11:04:13.434Z,-0.2011,0.4177,-0.0977,0.0343,-0.0168,1.1301
2025-01-27T11:04:13.443Z,-0.8776,0.3074,0.2115,0.0007,-0.0124,0.6487
2025-01-27T11:04:13.454Z,0.6013,-0.5469,-0.0349,-0.0006,0.0751,0.7303
2025-01-27T11:04:13.464Z,0.9089,-0.2167,-0.1891,0.0040,-0.0414,1.0463
2025-01-27T11:04:13.474Z,-0.9617,0.6062,0.1438,0.0271,-0.0059,1.0841
2025-01-27T11:04:13.484Z,-0.5372,0.1525,0.0506,-0.0038,0.0013,0.6866
2025-01-27T11:04:13.493Z,0.8570,-0.5163,-0.0467,-0.0016,0.0375,0.8453
2025-01-27T11:04:13.505Z,0.3478,-0.0596,-0.1176,0.0140,-0.0173,1.2043
2025-01-27T11:04:13.514Z,-1.0605,0.7274,0.0904,0.0156,-0.0380,0.6946
2025-01-27T11:04:13.523Z,0.1456,-0.5261,0.0983,0.0146,0.0871,0.6367
2025-01-27T11:04:13.534Z,1.4516,-0.6622,-0.1775,-0.0272,-0.0432,1.0882
2025-01-27T11:04:13.543Z,-1.0455,0.9340,0.0035,0.0379,-0.0192,1.0611
2025-01-27T11:04:13.555Z,-0.8729,0.1642,0.1487,0.0261,0.0297,0.6356
2025-01-27T11:04:13.564Z,1.2010,-0.7514,-0.0204,-0.0388,0.0218,0.8591
2025-01-27T11:04:13.573Z,0.2232,0.1829,-0.2112,0.0252,-0.0106,1.2413
2025-01-27T11:04:13.584Z,-1.1640,0.7702,0.1176,0.0328,-0.0465,0.6913
2025-01-27T11:04:13.593Z,0.2416,-0.6602,0.1877,-0.0206,0.0978,0.6872
2025-01-27T11:04:13.606Z,-0.9700,0.9372,0.0086,-0.0158,-0.0519,1.0235
2025-01-27T11:04:13.614Z,-0.9700,0.9372,0.0086,0.0513,-0.0056,1.0526
2025-01-27T11:04:13.623Z,-0.7185,-0.0915,0.2225,-0.0033,0.0165,0.7872
2025-01-27T11:04:13.634Z,0.8034,-0.2685,-0.1239,-0.0270,0.0187,0.8094
2025-01-27T11:04:13.643Z,0.2799,-0.0535,-0.1515,0.0441,0.0177,1.1230
2025-01-27T11:04:13.656Z,-0.2660,-0.0451,0.0647,-0.0005,-0.0465,0.8693
2025-01-27T11:04:13.664Z,-0.2660,-0.0451,0.0647,-0.0041,0.0569,0.6106
2025-01-27T11:04:13.673Z,1.1600,-0.6868,-0.1646,0.0212,-0.0007,0.9010
2025-01-27T11:04:13.684Z,-0.1793,0.3945,-0.0009,0.0015,-0.0244,1.1289
2025-01-27T11:04:13.693Z,-1.1094,0.4569,0.1253,0.0194,0.0037,0.8336
2025-01-27T11:04:13.706Z,0.8862,-0.5462,-0.0397,0.0024,0.0355,0.6916
2025-01-27T11:04:13.714Z,0.8862,-0.5462,-0.0397,-0.0002,0.0114,1.1606
2025-01-27T11:04:13.724Z,-0.6784,0.6720,-0.0406,0.0130,-0.0621,0.9593
2025-01-27T11:04:13.734Z,-0.7188,0.1720,0.1434,0.0169,0.0468,0.4935
2025-01-27T11:04:13.743Z,1.4645,-1.1073,-0.0139,-0.0191,0.0323,0.9063
2025-01-27T11:04:13.756Z,-1.5595,0.7483,0.2058,0.0059,-0.0438,1.2135
2025-01-27T11:04:13.764Z,-1.5595,0.7483,0.2058,0.0465,-0.0080,0.7894
2025-01-27T11:04:13.773Z,0.4994,-0.5811,0.0774,-0.0236,0.0574,0.7303
2025-01-27T11:04:13.785Z,-0.9091,0.7635,0.0013,-0.0053,-0.0161,1.1284
2025-01-27T11:04:13.793Z,-0.9091,0.7635,0.0013,0.0457,-0.0393,0.9830
2025-01-27T11:04:13.806Z,1.3611,-0.8601,-0.1270,-0.0093,0.0370,0.4929
2025-01-27T11:04:13.814Z,0.1042,0.4516,-0.2215,-0.0145,0.0368,0.8746
2025-01-27T11:04:13.825Z,-1.2540,0.4596,0.3181,0.0320,-0.0365,1.1362
2025-01-27T11:04:13.835Z,0.2201,-0.2043,-0.0565,0.0131,-0.0109,0.8715
2025-01-27T11:04:13.844Z,1.0174,-0.4373,-0.1727,-0.0187,0.0413,0.7270
2025-01-27T11:04:13.856Z,-0.4999,0.3736,0.0622,0.0186,-0.0037,1.0319
2025-01-27T11:04:13.864Z,-0.7630,0.3157,0.1035,0.0147,-0.0310,1.0469
2025-01-27T11:04:13.875Z,0.9637,-0.6748,-0.0884,-0.0061,0.0133,0.5829
2025-01-27T11:04:13.884Z,0.4293,0.0404,-0.1116,0.0099,0.0557,0.8255
2025-01-27T11:04:13.894Z,-1.0117,0.4951,0.1616,0.0061,-0.0368,1.0575
2025-01-27T11:04:13.905Z,-0.1528,0.1272,-0.0755,0.0144,0.0003,0.9975
2025-01-27T11:04:13.914Z,0.8148,-0.5248,-0.0094,0.0044,0.0179,0.7386
2025-01-27T11:04:13.924Z,0.0109,0.1023,-0.0486,0.0057,0.0230,0.9311
2025-01-27T11:04:13.934Z,-0.8406,0.5685,0.0596,0.0104,-0.0185,1.1383
2025-01-27T11:04:13.945Z,0.4917,-0.6238,0.0523,0.0090,-0.0229,0.6194
2025-01-27T11:04:13.955Z,1.0010,-0.3459,-0.2048,0.0115,0.0880,0.7251
2025-01-27T11:04:13.964Z,-1.0262,0.7294,0.1126,-0.0007,-0.0409,1.0642
2025-01-27T11:04:13.974Z,-0.5919,0.1505,0.0647,0.0202,-0.0217,1.0332
2025-01-27T11:04:13.984Z,1.0593,-0.6227,-0.0730,0.0045,0.0292,0.6915
2025-01-27T11:04:13.994Z,0.1314,0.0719,-0.0801,-0.0028,0.0182,0.8680
2025-01-27T11:04:14.005Z,-0.9690,0.5662,0.1142,0.0207,-0.0124,1.1643
2025-01-27T11:04:14.014Z,0.2160,-0.3445,0.0354,0.0070,-0.0337,0.7254
2025-01-27T11:04:14.024Z,1.2784,-0.6637,-0.1743,-0.0058,0.0724,0.6261
2025-01-27T11:04:14.034Z,-0.7802,0.7388,0.0213,0.0107,-0.0128,1.0954
2025-01-27T11:04:14.044Z,-1.1325,0.4468,0.1545,0.0107,-0.0480,1.1188
2025-01-27T11:04:14.054Z,1.2224,-0.8166,-0.0829,0.0055,0.0276,0.6002
2025-01-27T11:04:14.064Z,0.5375,-0.0280,-0.1388,0.0092,0.0522,0.8628
2025-01-27T11:04:14.074Z,-1.3658,0.7663,0.1680,0.0085,-0.0347,1.1909
2025-01-27T11:04:14.084Z,0.2796,-0.4305,0.0313,0.0113,-0.0298,0.7032
2025-01-27T11:04:14.094Z,1.4907,-0.7468,-0.1979,0.0058,0.0829,0.6236
2025-01-27T11:04:14.104Z,-0.9865,0.8332,0.0447,0.0032,-0.0257,1.0944
2025-01-27T11:04:14.114Z,-1.0123,0.3397,0.1492,0.0122,-0.0448,1.0706
2025-01-27T11:04:14.123Z,1.2940,-0.8119,-0.0955,0.0022,0.0432,0.6188
2025-01-27T11:04:14.135Z,0.2652,0.0928,-0.1337,0.0123,-0.0374,1.1277
2025-01-27T11:04:14.143Z,-1.1740,0.5550,0.1907,0.0123,-0.0374,1.1277
2025-01-27T11:04:14.155Z,0.2799,-0.2420,-0.0491,-0.0037,0.0514,0.6763
2025-01-27T11:04:14.164Z,1.1253,-0.6529,-0.1156,-0.0037,0.0514,0.6763
2025-01-27T11:04:14.174Z,-0.5914,0.4521,0.0371,0.0144,-0.0153,0.9297
2025-01-27T11:04:14.184Z,-0.7373,0.3698,0.0910,0.0001,-0.0024,0.8311
2025-01-27T11:04:14.193Z,0.4198,-0.1907,-0.0846,0.0001,-0.0024,0.8311
2025-01-27T11:04:14.205Z,0.6094,-0.4368,-0.0147,0.0150,0.0357,0.7663
2025-01-27T11:04:14.214Z,-0.4515,0.4177,0.0073,0.0012,-0.0420,0.9467
2025-01-27T11:04:14.223Z,-0.4929,0.2453,0.0311,0.0012,-0.0420,0.9467
2025-01-27T11:04:14.234Z,1.0730,-0.7991,-0.0309,0.0144,0.0250,0.8519
2025-01-27T11:04:14.244Z,0.1316,0.1836,-0.1110,0.0144,0.0250,0.8519
2025-01-27T11:04:14.255Z,-1.2171,0.6928,0.1419,0.0029,-0.0219,1.1783
2025-01-27T11:04:14.264Z,0.2190,-0.2230,-0.0144,0.0097,0.0567,0.6754
2025-01-27T11:04:14.274Z,1.1791,-0.6965,-0.1113,0.0134,0.0062,1.1765
2025-01-27T11:04:14.284Z,-0.7793,0.6800,0.0240,-0.0011,-0.0675,0.9776
2025-01-27T11:04:14.294Z,-0.9013,0.3569,0.1086,0.0008,0.0555,0.4657
2025-01-27T11:04:14.305Z,1.6534,-1.1556,-0.1019,0.0218,0.0410,0.9163
2025-01-27T11:04:14.314Z,0.0879,0.3131,-0.1311,0.0030,-0.0569,1.1643
2025-01-27T11:04:14.324Z,-1.5939,0.7606,0.2742,-0.0056,0.0067,0.8323
2025-01-27T11:04:14.334Z,0.5113,-0.2781,-0.1390,0.0226,0.0376,0.7213
2025-01-27T11:04:14.344Z,1.0952,-0.6318,-0.0833,0.0118,-0.0078,1.0640
2025-01-27T11:04:14.355Z,-0.7637,0.4749,0.1081,-0.0033,-0.0220,1.0515
2025-01-27T11:04:14.364Z,-0.6602,0.4478,-0.0270,0.0097,0.0133,0.5221
2025-01-27T11:04:14.375Z,1.1306,-0.8908,-0.0127,0.0155,0.0551,0.7955
2025-01-27T11:04:14.384Z,0.4506,-0.1190,-0.1019,0.0032,-0.0295,1.2116
2025-01-27T11:04:14.394Z,-1.3497,0.9103,0.1349,-0.0034,-0.0307,0.8655
2025-01-27T11:04:14.405Z,-0.0575,-0.1087,0.0051,0.0071,0.0722,0.6766
2025-01-27T11:04:14.414Z,1.3856,-0.8175,-0.1465,0.0177,-0.0057,1.0634
2025-01-27T11:04:14.424Z,-0.5490,0.4646,0.0481,-0.0023,-0.0446,1.1099
2025-01-27T11:04:14.434Z,-1.0616,0.5909,0.0836,-0.0039,0.0172,0.5325
2025-01-27T11:04:14.444Z,1.2122,-0.8932,-0.0721,0.0289,0.0701,0.8182
2025-01-27T11:04:14.455Z,0.6046,-0.1950,-0.1069,0.0076,-0.0597,1.0954
2025-01-27T11:04:14.464Z,-1.3635,0.7725,0.2128,-0.0145,0.0058,0.9611
2025-01-27T11:04:14.474Z,-0.0243,0.0647,-0.1149,0.0269,0.0249,0.7489
2025-01-27T11:04:14.484Z,0.9676,-0.6295,-0.0434,0.0154,-0.0015,0.9102
2025-01-27T11:04:14.494Z,-0.2474,0.0929,0.0864,-0.0115,0.0004,1.1177
2025-01-27T11:04:14.505Z,-0.6157,0.5465,-0.0732,0.0153,-0.0274,0.6809
2025-01-27T11:04:14.514Z,0.3806,-0.4363,0.0649,0.0058,0.0706,0.6940
2025-01-27T11:04:14.524Z,0.9382,-0.5916,-0.0787,0.0076,-0.0251,1.0792
2025-01-27T11:04:14.534Z,-0.8229,0.7115,0.0053,0.0059,-0.0299,1.0522
2025-01-27T11:04:14.544Z,-0.7351,0.3532,0.1118,-0.0038,0.0319,0.6495
2025-01-27T11:04:14.555Z,1.1252,-0.7091,-0.1389,0.0228,0.0250,0.8818
2025-01-27T11:04:14.564Z,0.2528,-0.1014,-0.0245,0.0103,-0.0290,1.2005
2025-01-27T11:04:14.574Z,-1.1947,0.7878,0.1380,-0.0186,-0.0235,0.6726
2025-01-27T11:04:14.584Z,0.4469,-0.4011,-0.0549,0.0218,0.0767,0.6848
2025-01-27T11:04:14.593Z,1.2920,-0.7781,-0.1446,0.0280,-0.0437,1.0449
2025-01-27T11:04:14.605Z,-1.0313,0.6717,0.1734,-0.0288,-0.0092,1.0787
2025-01-27T11:04:14.614Z,-0.7009,0.4584,-0.0453,0.0118,0.0186,0.6915
2025-01-27T11:04:14.624Z,0.9695,-0.5926,-0.1220,0.0369,0.0261,0.8252
2025-01-27T11:04:14.634Z,0.3137,-0.3446,0.1168,-0.0172,-0.0015,1.1832
2025-01-27T11:04:14.643Z,-0.9085,0.8052,-0.0819,0.0013,-0.0418,0.7803
2025-01-27T11:04:14.655Z,0.0156,-0.1497,0.0490,0.0136,0.0859,0.6474
2025-01-27T11:04:14.664Z,1.3701,-0.9750,-0.0591,0.0149,-0.0294,0.9769
2025-01-27T11:04:14.674Z,-0.6556,0.6137,-0.0290,-0.0067,-0.0156,1.0781
2025-01-27T11:04:14.684Z,-0.9014,0.4956,0.1290,0.0021,0.0220,0.7837
2025-01-27T11:04:14.693Z,0.7742,-0.3889,-0.1636,0.0287,0.0193,0.8030
2025-01-27T11:04:14.704Z,0.3612,-0.3596,0.0946,-0.0010,0.0001,1.0700
2025-01-27T11:04:14.714Z,-0.5637,0.4707,0.0072,0.0001,-0.0265,0.9188
2025-01-27T11:04:14.724Z,-0.2224,0.1945,-0.0322,0.0124,0.0330,0.5877
2025-01-27T11:04:14.734Z,1.0107,-0.8405,0.0388,0.0147,0.0205,0.9030
2025-01-27T11:04:14.743Z,-0.0240,0.2032,-0.1195,0.0093,-0.0315,1.2145
2025-01-27T11:04:14.755Z,-1.2539,0.8070,0.1558,-0.0133,-0.0032,0.7886
2025-01-27T11:04:14.764Z,0.4629,-0.3494,-0.0494,0.0153,0.0567,0.6922
2025-01-27T11:04:14.773Z,1.1532,-0.7572,-0.1040,0.0290,-0.0167,1.1704
2025-01-27T11:04:14.784Z,-0.9711,0.6838,0.1356,-0.0255,-0.0431,0.9554
2025-01-27T11:04:14.793Z,-0.6280,0.3801,-0.0009,-0.0045,0.0538,0.4915
2025-01-27T11:04:14.804Z,1.6659,-1.1434,-0.1538,0.0556,0.0089,0.9395
2025-01-27T11:04:14.814Z,-0.2932,0.2593,0.0602,-0.0207,-0.0383,1.1058
2025-01-27T11:04:14.823Z,-1.2727,0.7702,0.1552,-0.0294,0.0267,0.7943
2025-01-27T11:04:14.834Z,0.7617,-0.2659,-0.2952,0.0651,0.0144,0.8318
2025-01-27T11:04:14.843Z,0.5443,-0.6004,0.1876,-0.0117,-0.0088,1.0244
2025-01-27T11:04:14.855Z,-0.6160,0.4230,0.0275,-0.0230,-0.0067,0.9727
2025-01-27T11:04:14.864Z,-0.2057,0.3315,-0.1955,0.0435,0.0087,0.5947
2025-01-27T11:04:14.874Z,0.7591,-0.7951,0.1929,0.0010,0.0355,0.8064
2025-01-27T11:04:14.884Z,0.2824,-0.0591,-0.1452,-0.0028,-0.0226,1.1729
2025-01-27T11:04:14.893Z,-1.0518,0.8233,0.0142,0.0140,-0.0164,0.9069
2025-01-27T11:04:14.905Z,-0.0323,-0.0920,0.0901,-0.0048,0.0545,0.7211
2025-01-27T11:04:14.914Z,1.2190,-0.8124,-0.1400,0.0242,-0.0240,1.0088
2025-01-27T11:04:14.924Z,-0.5680,0.4425,0.0485,0.0001,-0.0090,1.0654
2025-01-27T11:04:14.934Z,-0.7051,0.4428,0.0927,-0.0146,0.0116,0.5970
2025-01-27T11:04:14.943Z,1.0098,-0.6443,-0.1695,0.0353,0.0408,0.7719
2025-01-27T11:04:14.954Z,0.3701,-0.2959,0.0177,0.0068,-0.0159,1.1303
2025-01-27T11:04:14.964Z,-0.9947,0.6834,0.1142,-0.0201,-0.0152,0.9647
2025-01-27T11:04:14.973Z,-0.1810,0.2527,-0.1049,0.0266,0.0383,0.6918
2025-01-27T11:04:14.984Z,1.0579,-0.8694,0.0244,0.0278,-0.0004,0.9647
2025-01-27T11:04:14.993Z,-0.2413,0.1995,0.0079,-0.0170,-0.0168,1.0891
2025-01-27T11:04:15.005Z,-0.8117,0.6134,0.0442,-0.0021,0.0056,0.6440
2025-01-27T11:04:15.014Z,0.7695,-0.5353,-0.0690,0.0364,0.0445,0.7355
2025-01-27T11:04:15.023Z,0.6547,-0.5202,0.0187,0.0017,-0.0265,1.1019
2025-01-27T11:04:15.034Z,-0.9659,0.7211,0.0900,-0.0138,-0.0119,1.0489
2025-01-27T11:04:15.043Z,-0.3976,0.4095,-0.0992,0.0198,0.0123,0.6244
2025-01-27T11:04:15.055Z,1.0542,-0.8860,0.0222,0.0190,0.0312,0.9084
2025-01-27T11:04:15.064Z,0.1377,-0.0720,-0.0322,0.0016,-0.0358,1.2232
2025-01-27T11:04:15.073Z,-1.2562,0.9444,0.0567,-0.0151,-0.0061,0.6172
2025-01-27T11:04:15.084Z,0.6718,-0.5566,-0.0148,0.0204,0.0801,0.7010
2025-01-27T11:04:15.093Z,1.2705,-0.8242,-0.1807,0.0322,-0.0670,1.0983
2025-01-27T11:04:15.105Z,-1.4077,0.8662,0.2883,-0.0426,0.0204,0.9946
2025-01-27T11:04:15.114Z,-0.2836,0.3464,-0.1635,0.0220,0.0122,0.6868
2025-01-27T11:04:15.123Z,1.0402,-0.7372,-0.0935,0.0443,0.0088,0.9018
2025-01-27T11:04:15.134Z,-0.2308,-0.0437,0.2135,-0.0352,0.0057,1.1098
2025-01-27T11:04:15.143Z,-0.5440,0.6189,-0.1790,0.0090,-0.0315,0.7708
2025-01-27T11:04:15.155Z,0.1982,-0.1995,0.0521,0.0203,0.0630,0.6502
2025-01-27T11:04:15.164Z,0.9987,-0.8696,0.0193,0.0028,-0.0288,1.0161
2025-01-27T11:04:15.173Z,-0.6542,0.5907,-0.0543,-0.0185,-0.0150,1.1135
2025-01-27T11:04:15.184Z,-0.8275,0.5701,0.0484,0.0102,0.0164,0.7183
2025-01-27T11:04:15.193Z,0.8852,-0.6340,-0.1449,0.0153,0.0359,0.7797
2025-01-27T11:04:15.205Z,0.4464,-0.4064,0.0361,0.0105,-0.0079,1.2287
2025-01-27T11:04:15.214Z,-0.9729,0.8108,0.0385,-0.0034,-0.0373,0.8053
2025-01-27T11:04:15.223Z,-0.0776,-0.0424,0.0726,0.0012,0.0845,0.5361
2025-01-27T11:04:15.234Z,1.6174,-1.1177,-0.1946,0.0441,-0.0356,1.0430
2025-01-27T11:04:15.243Z,-0.8487,0.5836,0.1391,-0.0144,-0.0135,1.1584
2025-01-27T11:04:15.255Z,-1.1489,0.7742,0.1029,-0.0177,0.0236,0.6466
2025-01-27T11:04:15.264Z,1.2625,-0.7723,-0.2556,0.0559,0.0237,0.8410
2025-01-27T11:04:15.273Z,0.3144,-0.3961,0.1458,-0.0056,-0.0231,1.1741
2025-01-27T11:04:15.284Z,-1.0992,0.8051,0.0357,-0.0265,-0.0119,0.8037
2025-01-27T11:04:15.293Z,0.2297,-0.0639,-0.1413,0.0355,0.0469,0.6095
2025-01-27T11:04:15.305Z,1.1703,-1.0027,0.0301,0.0213,-0.0277,0.9384
2025-01-27T11:04:15.314Z,-0.6906,0.4597,0.0739,-0.0332,0.0117,1.0762
2025-01-27T11:04:15.323Z,-0.5994,0.5705,-0.0779,0.0243,-0.0000,0.8589
2025-01-27T11:04:15.334Z,0.4539,-0.3339,-0.0414,0.0219,0.0271,0.7915
2025-01-27T11:04:15.343Z,0.4206,-0.5084,0.1547,-0.0192,0.0029,1.0199
2025-01-27T11:04:15.355Z,-0.2840,0.4265,-0.1710,0.0175,-0.0274,1.0233
2025-01-27T11:04:15.364Z,-0.5668,0.3193,0.1240,0.0054,0.0270,0.5437
2025-01-27T11:04:15.373Z,1.0278,-0.8664,-0.0112,0.0075,0.0195,0.8159
2025-01-27T11:04:15.384Z,0.1785,0.0008,-0.1587,0.0171,-0.0211,1.1694
2025-01-27T11:04:15.393Z,-1.2019,0.7745,0.2159,-0.0096,0.0049,0.8796
2025-01-27T11:04:15.404Z,0.2789,-0.1138,-0.1397,0.0118,0.0288,0.6918
2025-01-27T11:04:15.414Z,0.9647,-0.7897,0.0183,0.0248,-0.0109,1.0489
2025-01-27T11:04:15.423Z,-0.5470,0.4049,0.0366,-0.0065,-0.0233,1.0614
2025-01-27T11:04:15.434Z,-0.6893,0.4853,0.0502,-0.0059,0.0234,0.5385
2025-01-27T11:04:15.443Z,1.1370,-0.8215,-0.1066,0.0374,0.0216,0.8028
2025-01-27T11:04:15.455Z,0.2572,-0.2335,0.0089,0.0035,-0.0214,1.2011
2025-01-27T11:04:15.464Z,-1.2399,0.8869,0.1401,-0.0219,0.0055,0.8873
2025-01-27T11:04:15.473Z,0.2153,-0.0570,-0.1483,0.0271,0.0414,0.7048
2025-01-27T11:04:15.484Z,1.0580,-0.9353,0.0471,0.0183,-0.0128,1.0568
2025-01-27T11:04:15.493Z,-0.6425,0.4754,0.0471,-0.0209,-0.0147,1.0487
2025-01-27T11:04:15.504Z,-0.6140,0.5077,-0.0448,0.0114,0.0152,0.5677
2025-01-27T11:04:15.514Z,1.1118,-0.8474,-0.0740,0.0344,0.0276,0.8064
2025-01-27T11:04:15.523Z,0.2082,-0.2253,0.0320,-0.0119,-0.0285,1.1272
2025-01-27T11:04:15.534Z,-1.0885,0.8571,0.0393,-0.0055,0.0099,0.9146
2025-01-27T11:04:15.543Z,0.1628,-0.0489,-0.1036,0.0320,0.0115,0.7100
2025-01-27T11:04:15.556Z,-0.3647,0.3129,-0.0208,0.0009,-0.0007,0.9605
2025-01-27T11:04:15.564Z,-0.3647,0.3129,-0.0208,-0.0091,-0.0118,1.0746
2025-01-27T11:04:15.573Z,-0.5687,0.4913,-0.0144,0.0150,0.0082,0.6757
2025-01-27T11:04:15.584Z,0.6639,-0.5879,0.0199,0.0082,0.0373,0.7401
2025-01-27T11:04:15.593Z,0.5476,-0.4067,-0.0523,-0.0051,-0.0233,1.0624
2025-01-27T11:04:15.606Z,-0.2926,0.2280,-0.0307,0.0050,0.0086,1.0493
2025-01-27T11:04:15.614Z,-0.2926,0.2280,-0.0307,0.0130,0.0004,0.6798
2025-01-27T11:04:15.623Z,0.7648,-0.6803,0.0205,0.0082,0.0242,0.8628
2025-01-27T11:04:15.634Z,0.1151,-0.0317,-0.0665,0.0055,-0.0187,1.1386
2025-01-27T11:04:15.643Z,-0.8254,0.6069,0.0675,0.0008,-0.0033,0.7354
2025-01-27T11:04:15.656Z,1.0069,-0.7363,-0.0904,0.0081,0.0481,0.6702
2025-01-27T11:04:15.664Z,1.0069,-0.7363,-0.0904,0.0177,-0.0415,1.0319
2025-01-27T11:04:15.673Z,-0.9095,0.6339,0.1313,-0.0064,0.0108,1.0494
2025-01-27T11:04:15.685Z,0.8231,-0.6373,-0.0440,0.0084,0.0040,0.6937
2025-01-27T11:04:15.693Z,0.8231,-0.6373,-0.0440,0.0219,0.0200,0.8875
2025-01-27T11:04:15.706Z,-0.6164,0.4729,0.0119,-0.0071,-0.0070,1.0800
2025-01-27T11:04:15.714Z,0.1933,-0.1508,-0.0336,0.0049,0.0018,0.8329
2025-01-27T11:04:15.725Z,0.8934,-0.7445,-0.0007,0.0148,0.0386,0.6250
2025-01-27T11:04:15.735Z,-0.4776,0.4540,-0.0369,0.0082,-0.0087,0.9898
2025-01-27T11:04:15.744Z,-0.8697,0.6094,0.0691,-0.0021,-0.0171,1.1578
2025-01-27T11:04:15.756Z,0.7836,-0.6267,-0.0377,0.0089,0.0078,0.7058
2025-01-27T11:04:15.765Z,0.5957,-0.4421,-0.0401,0.0153,0.0343,0.7709
2025-01-27T11:04:15.774Z,-1.0641,0.8376,0.0534,0.0059,-0.0234,1.2085
2025-01-27T11:04:15.784Z,-0.0111,-0.0833,0.0225,0.0029,-0.0127,0.8459
2025-01-27T11:04:15.795Z,1.4824,-1.1274,-0.0972,0.0115,0.0511,0.5171
2025-01-27T11:04:15.806Z,-0.7571,0.5936,0.0529,0.0165,-0.0269,0.9985
2025-01-27T11:04:15.814Z,-1.0050,0.7215,0.0393,-0.0062,-0.0023,1.1697
2025-01-27T11:04:15.824Z,1.0369,-0.7891,-0.0932,0.0081,0.0142,0.6772
2025-01-27T11:04:15.834Z,0.3751,-0.3152,-0.0060,0.0167,0.0288,0.8248
2025-01-27T11:04:15.844Z,-0.9599,0.7552,0.0516,-0.0056,-0.0224,1.1438
2025-01-27T11:04:15.856Z,0.0460,-0.0552,-0.0524,0.0015,-0.0010,0.9007
2025-01-27T11:04:15.864Z,1.1330,-0.9724,-0.0044,0.0160,0.0230,0.5487
2025-01-27T11:04:15.874Z,-0.3879,0.4049,-0.0443,0.0047,0.0012,0.9368
2025-01-27T11:04:15.884Z,-0.9654,0.6788,0.0800,-0.0058,-0.0171,1.1453
2025-01-27T11:04:15.894Z,0.6263,-0.5243,-0.0606,0.0143,0.0172,0.8050
2025-01-27T11:04:15.905Z,0.6059,-0.4890,0.0191,0.0072,0.0195,0.7612
2025-01-27T11:04:15.914Z,-0.6367,0.5766,-0.0186,-0.0028,-0.0044,1.0760
2025-01-27T11:04:15.924Z,-0.3518,0.1700,0.0409,0.0115,-0.0134,0.9992
2025-01-27T11:04:15.934Z,1.0801,-0.9129,-0.0211,0.0092,0.0304,0.5151
2025-01-27T11:04:15.944Z,-0.0535,0.1691,-0.1147,0.0066,0.0021,0.8500
2025-01-27T11:04:15.955Z,-0.9910,0.6557,0.1460,0.0043,-0.0048,1.1395
2025-01-27T11:04:15.964Z,0.2999,-0.1956,-0.0889,0.0141,0.0011,0.8906
2025-01-27T11:04:15.974Z,0.7402,-0.6722,0.0415,0.0030,0.0279,0.6934
2025-01-27T11:04:15.984Z,-0.3508,0.4257,-0.0959,0.0058,0.0053,1.0478
2025-01-27T11:04:15.994Z,-0.8778,0.4903,0.1315,0.0107,-0.0405,1.1125
2025-01-27T11:04:16.005Z,1.1955,-0.9590,-0.0763,0.0056,0.0357,0.5317
2025-01-27T11:04:16.014Z,0.3377,-0.1045,-0.1039,0.0099,0.0154,0.8030
2025-01-27T11:04:16.024Z,-1.3212,0.8806,0.1749,0.0035,-0.0246,1.1678
2025-01-27T11:04:16.034Z,0.2958,-0.2097,-0.0999,0.0124,0.0128,0.9058
2025-01-27T11:04:16.043Z,0.8193,-0.7313,0.0231,0.0097,0.0115,0.6923
2025-01-27T11:04:16.055Z,-0.3874,0.4025,-0.0812,0.0051,0.0056,1.0030
2025-01-27T11:04:16.064Z,-0.7574,0.4700,0.0694,0.0046,-0.0223,1.1254
2025-01-27T11:04:16.074Z,0.9415,-0.8347,-0.0151,0.0107,0.0173,0.5705
2025-01-27T11:04:16.085Z,0.5478,-0.2733,-0.1311,-0.0008,-0.0390,1.1101
2025-01-27T11:04:16.093Z,-1.2299,0.8459,0.1559,-0.0008,-0.0390,1.1101
2025-01-27T11:04:16.105Z,0.0942,-0.1079,-0.1101,0.0191,0.0227,0.9642
2025-01-27T11:04:16.114Z,0.7362,-0.6511,0.0369,0.0020,-0.0080,0.7054
2025-01-27T11:04:16.124Z,-0.2054,0.2842,-0.0887,0.0038,0.0136,0.9163
2025-01-27T11:04:16.134Z,-0.5139,0.2753,0.0827,0.0154,-0.0012,0.7571
2025-01-27T11:04:16.143Z,0.3220,-0.3340,-0.0000,0.0154,-0.0012,0.7571
2025-01-27T11:04:16.155Z,0.7090,-0.5036,-0.0662,0.0014,-0.0133,1.0042
2025-01-27T11:04:16.164Z,-0.6159,0.5297,0.0336,0.0161,-0.0031,1.1010
2025-01-27T11:04:16.173Z,-0.6025,0.3251,0.0525,0.0161,-0.0031,1.1010
2025-01-27T11:04:16.184Z,0.7209,-0.6144,-0.0186,0.0036,0.0197,0.8306
2025-01-27T11:04:16.194Z,0.3043,-0.1138,-0.1108,0.0051,-0.0120,1.1501
2025-01-27T11:04:16.206Z,-0.8258,0.5420,0.0936,0.0166,-0.0134,0.8065
2025-01-27T11:04:16.214Z,0.1130,-0.2309,0.0139,0.0006,0.0627,0.5948
2025-01-27T11:04:16.223Z,1.1822,-0.8898,-0.0916,0.0006,0.0627,0.5948
2025-01-27T11:04:16.234Z,-0.7630,0.7015,-0.0049,0.0149,-0.0056,1.1150
2025-01-27T11:04:16.244Z,-0.8318,0.4258,0.1018,0.0117,0.0127,0.6597
2025-01-27T11:04:16.255Z,1.0070,-0.7688,-0.0605,-0.0027,0.0246,0.8327
2025-01-27T11:04:16.264Z,0.2913,-0.1335,-0.0798,0.0073,-0.0158,1.2277
2025-01-27T11:04:16.274Z,-1.0861,0.8198,0.0566,0.0199,-0.0121,0.7673
2025-01-27T11:04:16.284Z,0.2221,-0.4421,0.0846,0.0043,0.0601,0.5809
2025-01-27T11:04:16.294Z,1.3511,-0.9124,-0.1455,-0.0039,-0.0359,1.0400
2025-01-27T11:04:16.305Z,-0.9306,0.8026,0.0343,0.0216,0.0056,1.1415
2025-01-27T11:04:16.314Z,-0.7904,0.4209,0.0689,0.0105,0.0057,0.6920
2025-01-27T11:04:16.325Z,0.9597,-0.7638,-0.0184,-0.0070,0.0314,0.8055
2025-01-27T11:04:16.334Z,0.3624,-0.1689,-0.0946,0.0079,-0.0182,1.1805
2025-01-27T11:04:16.344Z,-0.9237,0.7202,0.0661,0.0196,-0.0156,0.8322
2025-01-27T11:04:16.355Z,0.0012,-0.2587,0.0992,0.0019,0.0459,0.5662
2025-01-27T11:04:16.364Z,1.3077,-0.8907,-0.1471,-0.0091,-0.0293,0.9632
2025-01-27T11:04:16.375Z,-0.7236,0.6576,-0.0126,0.0214,0.0140,1.0747
2025-01-27T11:04:16.384Z,-0.6765,0.2761,0.1140,0.0100,-0.0061,0.7709
2025-01-27T11:04:16.394Z,0.5938,-0.4464,-0.0403,-0.0123,0.0300,0.8092
2025-01-27T11:04:16.405Z,0.3442,-0.2412,-0.0643,0.0115,0.0009,1.0934
2025-01-27T11:04:16.414Z,-0.5048,0.4611,0.0115,0.0142,-0.0256,0.9674
2025-01-27T11:04:16.425Z,-0.4019,0.0321,0.1033,0.0046,0.0380,0.5266
2025-01-27T11:04:16.434Z,1.1500,-0.8455,-0.0794,-0.0007,0.0013,0.8639
2025-01-27T11:04:16.444Z,-0.0546,0.2248,-0.0782,0.0077,-0.0116,1.2086
2025-01-27T11:04:16.455Z,-1.2075,0.7261,0.1135,0.0221,-0.0051,0.8076
2025-01-27T11:04:16.464Z,0.4246,-0.4343,-0.0018,-0.0035,0.0465,0.7037
2025-01-27T11:04:16.474Z,0.9469,-0.6384,-0.0919,-0.0002,-0.0208,1.1232
2025-01-27T11:04:16.484Z,-0.8152,0.7060,-0.0081,0.0238,-0.0224,1.0099
2025-01-27T11:04:16.493Z,-0.5617,0.1188,0.1054,0.0072,0.0335,0.5173
2025-01-27T11:04:16.505Z,1.2951,-1.0169,-0.0609,-0.0129,0.0037,0.8802
2025-01-27T11:04:16.514Z,-0.1035,0.3042,-0.1185,0.0119,-0.0120,1.0912
2025-01-27T11:04:16.524Z,-1.0149,0.5377,0.1639,0.0275,0.0073,0.8808
2025-01-27T11:04:16.534Z,0.3169,-0.2968,-0.0264,-0.0139,0.0150,0.7504
2025-01-27T11:04:16.543Z,0.5838,-0.4462,-0.0563,0.0114,0.0144,1.0154
2025-01-27T11:04:16.555Z,-0.2980,0.3700,-0.0634,0.0202,-0.0322,1.0864
2025-01-27T11:04:16.564Z,-0.7057,0.2648,0.1394,0.0083,0.0203,0.6032
2025-01-27T11:04:16.574Z,0.8774,-0.7494,-0.0517,0.0009,0.0293,0.7949
2025-01-27T11:04:16.584Z,0.4675,-0.0609,-0.1514,0.0019,-0.0223,1.0614
2025-01-27T11:04:16.593Z,-1.0499,0.5666,0.1795,0.0305,0.0126,1.0115
2025-01-27T11:04:16.605Z,-0.0354,0.0019,-0.0248,-0.0105,-0.0120,0.7066
2025-01-27T11:04:16.614Z,0.6308,-0.5305,-0.0180,0.0071,0.0377,0.8795
2025-01-27T11:04:16.623Z,0.1565,0.0469,-0.1155,0.0109,-0.0323,1.1914
2025-01-27T11:04:16.634Z,-0.9500,0.6001,0.0950,0.0134,-0.0038,0.6584
2025-01-27T11:04:16.643Z,0.3778,-0.5734,0.0553,0.0021,0.0767,0.6400
2025-01-27T11:04:16.654Z,1.2752,-0.6586,-0.1982,-0.0155,-0.0378,1.1426
2025-01-27T11:04:16.664Z,-1.2719,0.9200,0.0968,0.0410,-0.0008,1.0546
2025-01-27T11:04:16.674Z,-0.5400,0.1446,0.0630,0.0080,0.0174,0.5797
2025-01-27T11:04:16.684Z,1.2537,-0.9393,-0.0178,-0.0178,0.0242,0.9241
2025-01-27T11:04:16.693Z,-0.0433,0.2730,-0.1575,0.0200,-0.0277,1.2324
2025-01-27T11:04:16.705Z,-1.2102,0.7176,0.1350,0.0255,-0.0064,0.6271
2025-01-27T11:04:16.714Z,0.6326,-0.8377,0.1130,-0.0157,0.0721,0.6846
2025-01-27T11:04:16.724Z,1.1703,-0.5138,-0.2900,-0.0076,-0.0534,1.0898
2025-01-27T11:04:16.734Z,-1.2777,0.9359,0.1117,0.0527,0.0119,1.0501
2025-01-27T11:04:16.743Z,-0.4032,-0.0418,0.1117,-0.0128,0.0030,0.6709
2025-01-27T11:04:16.755Z,0.9280,-0.6256,-0.0891,-0.0093,0.0263,0.8942
2025-01-27T11:04:16.764Z,0.0537,0.1342,-0.1473,0.0345,-0.0173,1.1413
2025-01-27T11:04:16.773Z,-0.7907,0.4194,0.1691,0.0044,-0.0140,0.7663
2025-01-27T11:04:16.784Z,0.1781,-0.4168,0.0318,-0.0069,0.0602,0.6619
2025-01-27T11:04:16.793Z,1.0928,-0.5641,-0.2074,0.0035,-0.0264,0.9823
2025-01-27T11:04:16.805Z,-0.7373,0.5541,0.0893,0.0234,0.0015,1.0935
2025-01-27T11:04:16.814Z,-0.6624,0.2377,0.0945,0.0001,-0.0044,0.7606
2025-01-27T11:04:16.824Z,0.6266,-0.4197,-0.0733,-0.0023,0.0326,0.7732
2025-01-27T11:04:16.834Z,0.4561,-0.3057,-0.0712,0.0146,0.0007,1.1576
2025-01-27T11:04:16.843Z,-0.7402,0.5797,0.0314,0.0094,-0.0350,0.8910
2025-01-27T11:04:16.855Z,-0.3194,-0.0850,0.1082,0.0132,0.0488,0.5613
2025-01-27T11:04:16.864Z,1.3528,-0.9139,-0.1290,-0.0118,-0.0147,0.9103
2025-01-27T11:04:16.873Z,-0.3913,0.4915,-0.0495,0.0194,-0.0036,1.1579
2025-01-27T11:04:16.884Z,-1.0624,0.5009,0.1230,0.0249,-0.0011,0.8294
2025-01-27T11:04:16.893Z,0.4796,-0.4149,0.0037,-0.0207,0.0318,0.6902
2025-01-27T11:04:16.905Z,0.7835,-0.5485,-0.1090,0.0079,0.0167,1.1736
2025-01-27T11:04:16.914Z,-0.6367,0.6556,-0.0282,0.0219,-0.0619,0.9652
2025-01-27T11:04:16.923Z,-0.7622,0.0994,0.2223,0.0068,0.0618,0.4583
2025-01-27T11:04:16.934Z,1.5920,-1.1714,-0.1315,-0.0216,-0.0000,0.9241
2025-01-27T11:04:16.943Z,-0.1959,0.6027,-0.1905,0.0243,-0.0289,1.1663
2025-01-27T11:04:16.955Z,-1.3920,0.5635,0.2573,0.0376,0.0167,0.7773
2025-01-27T11:04:16.964Z,0.7060,-0.5522,0.0105,-0.0324,0.0278,0.7444
2025-01-27T11:04:16.973Z,0.7175,-0.3799,-0.1683,0.0177,0.0032,1.1279
2025-01-27T11:04:16.984Z,-0.7882,0.6425,0.0269,0.0365,-0.0370,0.9680
2025-01-27T11:04:16.993Z,-0.4493,-0.0437,0.1903,-0.0145,0.0357,0.5260
2025-01-27T11:04:17.005Z,1.1704,-0.8022,-0.1567,-0.0027,0.0129,0.8791
2025-01-27T11:04:17.014Z,-0.0033,0.3331,-0.1443,0.0249,-0.0285,1.1136
2025-01-27T11:04:17.023Z,-1.1176,0.4072,0.2623,0.0100,0.0181,0.9207
2025-01-27T11:04:17.034Z,0.2385,-0.1790,-0.0777,-0.0126,0.0208,0.7580
2025-01-27T11:04:17.043Z,0.7055,-0.4380,-0.0923,0.0216,0.0096,0.9668
2025-01-27T11:04:17.054Z,-0.2673,0.1889,0.0349,0.0113,-0.0214,1.0650
2025-01-27T11:04:17.064Z,-0.6429,0.3217,0.0756,-0.0010,-0.0015,0.6435
2025-01-27T11:04:17.073Z,0.6008,-0.5363,-0.0519,0.0136,0.0424,0.7822
2025-01-27T11:04:17.084Z,0.5897,-0.2012,-0.1208,-0.0037,-0.0254,1.0179
2025-01-27T11:04:17.093Z,-0.8567,0.4735,0.1056,0.0222,0.0089,1.0249
2025-01-27T11:04:17.105Z,-0.2803,0.1474,-0.0028,0.0045,-0.0081,0.7105
2025-01-27T11:04:17.114Z,0.6726,-0.5621,-0.0122,-0.0006,0.0368,0.8979
2025-01-27T11:04:17.123Z,0.1921,-0.0167,-0.1007,0.0101,-0.0305,1.2104
2025-01-27T11:04:17.134Z,-1.0226,0.7257,0.0642,0.0178,-0.0176,0.6086
2025-01-27T11:04:17.143Z,0.4311,-0.7551,0.1448,0.0008,0.0890,0.6786
2025-01-27T11:04:17.155Z,1.2633,-0.5190,-0.2658,-0.0171,-0.0442,1.1543
2025-01-27T11:04:17.164Z,-1.3240,0.9616,0.0869,0.0486,-0.0165,1.0377
2025-01-27T11:04:17.173Z,-0.5941,0.0026,0.1748,-0.0019,0.0255,0.6292
2025-01-27T11:04:17.184Z,1.2868,-0.8304,-0.1213,-0.0263,0.0232,0.9092
2025-01-27T11:04:17.193Z,-0.0216,0.2370,-0.1484,0.0427,-0.0266,1.2097
2025-01-27T11:04:17.205Z,-1.1431,0.5905,0.1870,0.0081,-0.0191,0.6346
2025-01-27T11:04:17.214Z,0.5130,-0.7002,0.0923,-0.0173,0.0855,0.6873
2025-01-27T11:04:17.223Z,1.1948,-0.4739,-0.3228,0.0104,-0.0411,1.0622
2025-01-27T11:04:17.234Z,-1.1089,0.7429,0.1575,0.0315,-0.0119,1.0495
2025-01-27T11:04:17.243Z,-0.6533,0.0864,0.1476,-0.0108,0.0228,0.6515
2025-01-27T11:04:17.254Z,1.0409,-0.5808,-0.1799,0.0037,0.0201,0.8752
2025-01-27T11:04:17.264Z,0.1037,-0.0330,-0.0455,0.0252,-0.0160,1.1823
2025-01-27T11:04:17.274Z,-0.9848,0.5368,0.1427,-0.0007,-0.0190,0.7291
2025-01-27T11:04:17.284Z,0.2584,-0.3865,0.0053,0.0040,0.0757,0.6674
2025-01-27T11:04:17.293Z,1.1723,-0.6510,-0.1726,0.0041,-0.0289,1.0166
2025-01-27T11:04:17.305Z,-0.8392,0.6166,0.0823,0.0149,-0.0140,1.1007
2025-01-27T11:04:17.314Z,-0.7853,0.2951,0.1098,0.0088,0.0083,0.7455
2025-01-27T11:04:17.323Z,0.7755,-0.4903,-0.0859,-0.0012,0.0232,0.8239
2025-01-27T11:04:17.334Z,0.3872,-0.2282,-0.0717,0.0121,-0.0031,1.1141
2025-01-27T11:04:17.343Z,-0.7459,0.5016,0.0497,0.0125,-0.0269,0.8633
2025-01-27T11:04:17.355Z,-0.1592,-0.0997,0.0743,0.0009,0.0477,0.6331
2025-01-27T11:04:17.364Z,1.1193,-0.7575,-0.1269,0.0010,-0.0076,0.8923
2025-01-27T11:04:17.373Z,-0.3263,0.4167,-0.0381,0.0200,-0.0142,1.0935
2025-01-27T11:04:17.384Z,-0.8735,0.3376,0.1595,0.0069,0.0030,0.8590
2025-01-27T11:04:17.393Z,0.3002,-0.1767,-0.0663,-0.0024,0.0282,0.7522
2025-01-27T11:04:17.405Z,0.6082,-0.4418,-0.0624,0.0164,0.0177,1.0480
2025-01-27T11:04:17.414Z,-0.3794,0.3222,0.0104,0.0062,-0.0429,1.0034
2025-01-27T11:04:17.423Z,-0.6370,0.2830,0.0793,0.0029,0.0241,0.5598
2025-01-27T11:04:17.434Z,1.0184,-0.8485,-0.0582,0.0037,0.0304,0.8387
2025-01-27T11:04:17.443Z,0.1765,0.1531,-0.1555,0.0057,-0.0294,1.1288
2025-01-27T11:04:17.456Z,0.1011,-0.1264,-0.0132,0.0170,0.0037,0.9036
2025-01-27T11:04:17.464Z,0.1011,-0.1264,-0.0132,-0.0032,0.0352,0.7083
2025-01-27T11:04:17.473Z,0.9630,-0.6301,-0.0782,0.0043,0.0152,1.0672
2025-01-27T11:04:17.484Z,-0.4522,0.3887,-0.0258,0.0176,-0.0459,1.0486
2025-01-27T11:04:17.493Z,-0.8422,0.3729,0.1556,0.0050,0.0253,0.4842
2025-01-27T11:04:17.506Z,0.2915,0.1705,-0.2433,-0.0024,0.0374,0.8445
2025-01-27T11:04:17.514Z,0.2915,0.1705,-0.2433,0.0139,-0.0467,1.0889
2025-01-27T11:04:17.523Z,-1.2630,0.5406,0.2515,0.0147,0.0151,0.9216
2025-01-27T11:04:17.534Z,0.1254,-0.1335,-0.0565,-0.0079,0.0243,0.7227
2025-01-27T11:04:17.543Z,0.8658,-0.5079,-0.1161,0.0175,0.0113,1.0210
2025-01-27T11:04:17.556Z,-0.7623,0.4088,0.0912,0.0140,-0.0320,1.0785
2025-01-27T11:04:17.563Z,-0.7623,0.4088,0.0912,-0.0079,0.0062,0.5691
2025-01-27T11:04:17.573Z,0.8443,-0.7523,-0.0430,0.0097,0.0493,0.7816
2025-01-27T11:04:17.585Z,-1.1953,0.6537,0.1819,0.0109,-0.0334,1.1239
2025-01-27T11:04:17.593Z,-1.1953,0.6537,0.1819,0.0051,-0.0027,0.9940
2025-01-27T11:04:17.606Z,1.0699,-0.7070,-0.1129,0.0085,0.0274,0.7002
2025-01-27T11:04:17.614Z,1.0699,-0.7070,-0.1129,0.0080,0.0109,0.9250
2025-01-27T11:04:17.623Z,-0.1499,0.1234,-0.0044,0.0096,-0.0208,1.1259
2025-01-27T11:04:17.634Z,0.5567,-0.5637,0.0057,0.0061,-0.0078,0.6441
2025-01-27T11:04:17.644Z,0.8743,-0.4470,-0.1680,0.0025,0.0626,0.7118
2025-01-27T11:04:17.656Z,-1.0843,0.7346,0.0909,0.0094,-0.0264,1.1233
2025-01-27T11:04:17.664Z,-0.5277,0.1121,0.1099,0.0122,-0.0228,0.9915
2025-01-27T11:04:17.675Z,1.1685,-0.7455,-0.1632,-0.0008,0.0324,0.6557
2025-01-27T11:04:17.684Z,-0.1312,0.1765,-0.0537,0.0054,0.0120,0.9258
2025-01-27T11:04:17.694Z,-1.0119,0.5162,0.1469,0.0160,-0.0258,1.1308
2025-01-27T11:04:17.705Z,0.5687,-0.4766,-0.0482,0.0003,-0.0036,0.6763
2025-01-27T11:04:17.714Z,0.9216,-0.5063,-0.1359,0.0017,0.0678,0.7094
2025-01-27T11:04:17.724Z,-0.9630,0.6451,0.0906,0.0163,-0.0203,1.0726
2025-01-27T11:04:17.734Z,-0.5871,0.2488,0.0842,0.0045,-0.0182,1.0612
2025-01-27T11:04:17.744Z,0.9004,-0.5773,-0.1108,0.0041,0.0201,0.6802
2025-01-27T11:04:17.755Z,0.1928,-0.1281,-0.0241,0.0158,0.0200,0.8423
2025-01-27T11:04:17.764Z,-0.8379,0.5409,0.0812,0.0053,-0.0150,1.1242
2025-01-27T11:04:17.774Z,0.0565,-0.1664,0.0155,-0.0010,-0.0230,0.7904
2025-01-27T11:04:17.784Z,1.0690,-0.7206,-0.0938,0.0099,0.0637,0.6776
2025-01-27T11:04:17.794Z,-0.5596,0.4880,-0.0079,0.0118,-0.0185,0.9520
2025-01-27T11:04:17.805Z,-0.8070,0.3976,0.1016,0.0070,-0.0166,1.0838
2025-01-27T11:04:17.814Z,0.5454,-0.3639,-0.0998,0.0038,0.0079,0.7724
2025-01-27T11:04:17.824Z,0.4310,-0.3192,-0.0416,0.0069,0.0223,0.8053
2025-01-27T11:04:17.834Z,-0.6308,0.4481,0.0396,0.0079,0.0019,1.1005
2025-01-27T11:04:17.844Z,-0.2728,0.0552,0.0652,0.0022,-0.0326,0.8848
2025-01-27T11:04:17.855Z,1.1096,-0.8200,-0.0745,0.0046,0.0451,0.5964
2025-01-27T11:04:17.864Z,-0.2478,0.3395,-0.0814,0.0107,0.0204,0.9648
2025-01-27T11:04:17.874Z,-1.2653,0.6860,0.1670,0.0115,-0.0455,1.1881
2025-01-27T11:04:17.884Z,0.6508,-0.5075,-0.0707,-0.0019,0.0088,0.7296
2025-01-27T11:04:17.894Z,0.9077,-0.5546,-0.1146,0.0132,0.0520,0.7429
2025-01-27T11:04:17.905Z,-1.1152,0.7276,0.1178,0.0187,-0.0229,1.1909
2025-01-27T11:04:17.914Z,-0.4087,0.0921,0.0703,-0.0011,-0.0396,0.8938
2025-01-27T11:04:17.924Z,1.5692,-1.0613,-0.1621,0.0003,0.0528,0.5192
2025-01-27T11:04:17.934Z,-0.4291,0.4277,-0.0269,0.0199,0.0023,0.9441
2025-01-27T11:04:17.944Z,-1.2473,0.6260,0.2022,0.0036,-0.0408,1.1347
2025-01-27T11:04:17.955Z,0.7039,-0.3867,-0.1661,-0.0052,0.0191,0.7499
2025-01-27T11:04:17.964Z,0.7348,-0.5229,-0.0186,0.0184,0.0433,0.7614
2025-01-27T11:04:17.974Z,-0.9575,0.6439,0.0672,0.0080,-0.0084,1.1714
2025-01-27T11:04:17.985Z,-0.3588,0.1411,0.0375,0.0078,0.0509,0.5165
2025-01-27T11:04:17.993Z,1.3997,-1.0303,-0.0761,0.0078,0.0509,0.5165
2025-01-27T11:04:18.005Z,-0.3379,0.4010,-0.0747,0.0161,0.0118,0.9285
2025-01-27T11:04:18.014Z,-1.1428,0.5411,0.2155,0.0024,-0.0340,1.1027
2025-01-27T11:04:18.023Z,0.4854,-0.2261,-0.1711,-0.0006,0.0221,0.8739
2025-01-27T11:04:18.035Z,0.6159,-0.5516,0.0330,0.0061,0.0076,0.9915
2025-01-27T11:04:18.043Z,-0.3912,0.2471,0.0106,0.0061,0.0076,0.9915
2025-01-27T11:04:18.055Z,-0.6090,0.4766,-0.0081,0.0024,-0.0215,1.0966
2025-01-27T11:04:18.064Z,0.7043,-0.7232,0.0739,0.0023,0.0524,0.7733
2025-01-27T11:04:18.074Z,0.6265,-0.2390,-0.2197,0.0200,-0.0360,1.1075
2025-01-27T11:04:18.084Z,-1.1318,0.6881,0.1718,-0.0055,0.0006,0.9786
2025-01-27T11:04:18.094Z,-0.2608,0.1218,0.0172,0.0014,0.0313,0.7144
2025-01-27T11:04:18.105Z,1.0395,-0.6698,-0.1424,0.0014,0.0313,0.7144
2025-01-27T11:04:18.114Z,-0.2451,0.1043,0.0645,-0.0024,-0.0280,1.1232
2025-01-27T11:04:18.124Z,-0.9393,0.6009,0.0412,-0.0068,0.0023,0.5894
2025-01-27T11:04:18.134Z,0.7734,-0.6458,-0.0405,0.0201,0.0590,0.7171
2025-01-27T11:04:18.144Z,0.8059,-0.4811,-0.1134,0.0204,-0.0305,1.2017
2025-01-27T11:04:18.155Z,-1.3332,0.8730,0.1301,-0.0171,-0.0279,0.9540
2025-01-27T11:04:18.164Z,-0.3952,0.1954,0.0039,0.0089,0.0507,0.6346
2025-01-27T11:04:18.175Z,1.4517,-0.9738,-0.1586,0.0306,0.0012,1.0147
2025-01-27T11:04:18.184Z,-0.4437,0.3150,0.0442,-0.0102,-0.0381,1.1140
2025-01-27T11:04:18.194Z,-1.0818,0.6497,0.1088,-0.0075,0.0194,0.5873
2025-01-27T11:04:18.205Z,1.0130,-0.6808,-0.1289,0.0283,0.0634,0.8073
2025-01-27T11:04:18.214Z,0.5870,-0.3898,-0.0283,0.0048,-0.0432,1.0302
2025-01-27T11:04:18.225Z,-1.1491,0.6623,0.1530,-0.0153,0.0213,0.9833
2025-01-27T11:04:18.234Z,-0.0738,0.1324,-0.1202,0.0302,0.0024,0.7621
2025-01-27T11:04:18.244Z,0.5940,-0.4916,0.0003,0.0090,0.0151,0.8635
2025-01-27T11:04:18.255Z,-0.0405,-0.0847,0.0486,-0.0088,0.0017,1.1139
2025-01-27T11:04:18.264Z,-0.5539,0.5415,-0.1157,0.0232,-0.0327,0.7609
2025-01-27T11:04:18.274Z,0.0396,-0.2591,0.1579,-0.0024,0.0664,0.6266
2025-01-27T11:04:18.284Z,1.0411,-0.6787,-0.1619,0.0192,-0.0104,1.0435
2025-01-27T11:04:18.294Z,-0.6689,0.5566,-0.0257,0.0121,-0.0298,1.1348
2025-01-27T11:04:18.305Z,-1.0258,0.5253,0.1954,-0.0174,0.0226,0.6395
2025-01-27T11:04:18.314Z,1.0293,-0.6373,-0.2009,0.0254,0.0306,0.8269
2025-01-27T11:04:18.324Z,0.4291,-0.3000,-0.0310,0.0197,-0.0225,1.1933
2025-01-27T11:04:18.334Z,-1.1668,0.6954,0.1657,-0.0283,-0.0177,0.7687
2025-01-27T11:04:18.344Z,0.1557,-0.0943,-0.0940,0.0180,0.0702,0.6717
2025-01-27T11:04:18.355Z,1.2472,-0.8598,-0.1048,0.0370,-0.0361,0.9834
2025-01-27T11:04:18.364Z,-0.8408,0.4935,0.1591,-0.0287,-0.0014,1.0474
2025-01-27T11:04:18.374Z,-0.6327,0.4763,-0.0109,0.0060,0.0093,0.8003
2025-01-27T11:04:18.384Z,0.6194,-0.3406,-0.1648,0.0389,0.0102,0.7795
2025-01-27T11:04:18.394Z,0.2691,-0.4384,0.1906,-0.0185,0.0198,1.1454
2025-01-27T11:04:18.405Z,-0.5556,0.5888,-0.1575,0.0101,-0.0557,0.8972
2025-01-27T11:04:18.414Z,-0.4044,0.1641,0.1044,0.0107,0.0561,0.5531
2025-01-27T11:04:18.424Z,1.3067,-1.0497,-0.0164,0.0129,-0.0022,0.9222
2025-01-27T11:04:18.434Z,-0.2875,0.3848,-0.1593,0.0124,-0.0352,1.1475
2025-01-27T11:04:18.443Z,-1.2367,0.6664,0.2982,-0.0156,0.0224,0.8113
2025-01-27T11:04:18.455Z,0.6325,-0.2934,-0.2229,0.0242,0.0254,0.7596
2025-01-27T11:04:18.464Z,0.6425,-0.5509,0.0159,0.0189,0.0044,1.0954
2025-01-27T11:04:18.473Z,-0.6986,0.4286,0.0587,-0.0139,-0.0345,0.9672
2025-01-27T11:04:18.484Z,-0.4298,0.3416,-0.0452,0.0086,0.0309,0.5393
2025-01-27T11:04:18.493Z,1.1270,-0.9151,-0.0012,0.0236,0.0160,0.8743
2025-01-27T11:04:18.505Z,-0.0740,0.1140,-0.0907,0.0021,-0.0309,1.1251
2025-01-27T11:04:18.514Z,-1.1448,0.7061,0.1849,-0.0161,0.0143,0.8623
2025-01-27T11:04:18.524Z,0.3504,-0.1138,-0.1737,0.0336,0.0305,0.7313
2025-01-27T11:04:18.534Z,0.7520,-0.6806,0.0597,0.0118,0.0080,1.0470
2025-01-27T11:04:18.543Z,-0.5238,0.3531,0.0295,-0.0133,-0.0294,1.0508
2025-01-27T11:04:18.555Z,-0.6327,0.5063,-0.0350,0.0083,0.0207,0.5183
2025-01-27T11:04:18.564Z,0.9753,-0.8363,0.0151,0.0180,0.0342,0.7953
2025-01-27T11:04:18.573Z,0.3363,-0.1779,-0.1204,0.0113,-0.0327,1.1767
2025-01-27T11:04:18.584Z,-1.2664,0.8217,0.1745,-0.0176,0.0027,0.9151
2025-01-27T11:04:18.593Z,0.0310,0.0238,-0.1009,0.0194,0.0462,0.7130
2025-01-27T11:04:18.605Z,1.0863,-0.8337,-0.0496,0.0261,-0.0088,1.0125
2025-01-27T11:04:18.614Z,-0.5410,0.3038,0.0629,-0.0149,-0.0202,1.0772
2025-01-27T11:04:18.624Z,-0.7177,0.5352,0.0151,0.0001,0.0091,0.5928
2025-01-27T11:04:18.634Z,0.8792,-0.6717,-0.0607,0.0211,0.0347,0.7606
2025-01-27T11:04:18.643Z,0.4197,-0.3496,-0.0226,0.0061,-0.0186,1.1454
2025-01-27T11:04:18.655Z,-1.1212,0.7813,0.0880,-0.0159,-0.0082,0.9644
2025-01-27T11:04:18.664Z,-0.1875,0.1891,-0.0488,0.0190,0.0287,0.6941
2025-01-27T11:04:18.674Z,1.0749,-0.8449,-0.0411,0.0245,-0.0071,0.9505
2025-01-27T11:04:18.684Z,-0.3234,0.1785,0.0133,-0.0100,-0.0130,1.0957
2025-01-27T11:04:18.693Z,-0.7732,0.5762,0.0349,0.0002,0.0023,0.6537
2025-01-27T11:04:18.705Z,0.6740,-0.4920,-0.0625,0.0236,0.0506,0.7351
2025-01-27T11:04:18.714Z,0.6009,-0.4655,-0.0093,0.0118,-0.0232,1.0763
2025-01-27T11:04:18.723Z,-0.9249,0.5996,0.0781,-0.0136,-0.0074,1.0512
2025-01-27T11:04:18.734Z,-0.4131,0.3694,-0.0581,0.0145,0.0063,0.6656
2025-01-27T11:04:18.743Z,0.8979,-0.7435,-0.0055,0.0174,0.0193,0.8688
2025-01-27T11:04:18.755Z,0.0956,-0.0823,-0.0245,0.0045,-0.0209,1.1734
2025-01-27T11:04:18.764Z,-0.9846,0.7126,0.0604,-0.0063,-0.0083,0.6979
2025-01-27T11:04:18.774Z,0.3313,-0.3254,0.0055,0.0152,0.0829,0.6568
2025-01-27T11:04:18.784Z,1.1692,-0.7984,-0.1143,0.0288,-0.0436,1.0476
2025-01-27T11:04:18.793Z,-1.0465,0.6449,0.1392,-0.0171,0.0078,1.1002
2025-01-27T11:04:18.805Z,-0.6269,0.5194,0.0002,0.0051,0.0053,0.6510
2025-01-27T11:04:18.814Z,0.9311,-0.6436,-0.1132,0.0314,0.0208,0.8487
2025-01-27T11:04:18.824Z,0.1390,-0.2116,0.0754,-0.0024,-0.0060,1.1205
2025-01-27T11:04:18.834Z,-0.7750,0.6185,-0.0019,-0.0107,-0.0171,0.8045
2025-01-27T11:04:18.843Z,0.0879,-0.0555,-0.0272,0.0200,0.0604,0.6342
2025-01-27T11:04:18.855Z,1.0698,-0.8349,-0.0300,0.0212,-0.0204,1.0185
2025-01-27T11:04:18.864Z,-0.6612,0.4629,0.0288,-0.0085,-0.0167,1.1237
2025-01-27T11:04:18.873Z,-0.8730,0.6592,0.0504,0.0001,0.0146,0.6928
2025-01-27T11:04:18.884Z,0.8745,-0.6112,-0.1233,0.0248,0.0266,0.7825
2025-01-27T11:04:18.893Z,0.4448,-0.4130,0.0489,0.0031,-0.0079,1.2447
2025-01-27T11:04:18.905Z,-1.0819,0.8353,0.0296,-0.0094,-0.0362,0.8006
2025-01-27T11:04:18.914Z,-0.0494,-0.0252,0.0412,0.0096,0.0811,0.5691
2025-01-27T11:04:18.923Z,1.5828,-1.1149,-0.1402,0.0367,-0.0546,1.0011
2025-01-27T11:04:18.934Z,-0.9655,0.6066,0.0913,-0.0140,0.0148,1.1011
2025-01-27T11:04:18.943Z,-0.8235,0.5771,0.0936,-0.0056,0.0045,0.7527
2025-01-27T11:04:18.955Z,0.8864,-0.4837,-0.2592,0.0443,0.0178,0.7962
2025-01-27T11:04:18.964Z,0.1991,-0.3982,0.2270,-0.0043,0.0056,1.1456
2025-01-27T11:04:18.973Z,-0.6636,0.5920,-0.1306,-0.0044,-0.0426,0.8851
2025-01-27T11:04:18.984Z,-0.2578,0.1264,0.0854,0.0096,0.0536,0.5640
2025-01-27T11:04:18.993Z,1.2386,-0.9138,-0.0846,0.0231,-0.0184,0.8985
2025-01-27T11:04:19.005Z,-0.4007,0.2804,-0.0003,-0.0040,0.0014,1.1580
2025-01-27T11:04:19.014Z,-1.0390,0.7484,0.1060,0.0012,0.0008,0.7976
2025-01-27T11:04:19.023Z,0.5675,-0.3464,-0.1335,0.0237,0.0421,0.7549
2025-01-27T11:04:19.034Z,0.6131,-0.5588,0.0594,0.0063,-0.0045,1.1053
2025-01-27T11:04:19.043Z,-0.6694,0.5182,-0.0287,-0.0015,-0.0312,0.9965
2025-01-27T11:04:19.055Z,-0.5161,0.3576,0.0494,0.0027,0.0422,0.4922
2025-01-27T11:04:19.064Z,1.2944,-0.9806,-0.0653,0.0177,-0.0077,0.8807
2025-01-27T11:04:19.073Z,-0.2210,0.2165,-0.0558,0.0063,-0.0102,1.0723
2025-01-27T11:04:19.084Z,-1.0265,0.6124,0.1934,-0.0098,0.0154,0.8989
2025-01-27T11:04:19.093Z,0.4163,-0.1027,-0.2390,0.0317,0.0058,0.7616
2025-01-27T11:04:19.105Z,0.3976,-0.5200,0.1864,0.0000,0.0184,1.0063
2025-01-27T11:04:19.114Z,-0.2087,0.2476,-0.1066,0.0028,-0.0418,1.0488
2025-01-27T11:04:19.123Z,-0.6436,0.4444,0.0737,0.0031,0.0336,0.5936
2025-01-27T11:04:19.134Z,0.8302,-0.6802,-0.0080,0.0080,0.0110,0.7825
2025-01-27T11:04:19.143Z,0.3299,-0.1586,-0.1168,0.0139,-0.0097,1.1185
2025-01-27T11:04:19.155Z,-1.0848,0.6775,0.2034,-0.0092,0.0006,0.9826
2025-01-27T11:04:19.164Z,-0.0110,0.1661,-0.1558,0.0173,0.0214,0.6878
2025-01-27T11:04:19.174Z,0.8487,-0.7622,0.0832,0.0099,0.0162,0.9882
2025-01-27T11:04:19.184Z,-0.1727,0.2032,-0.0987,0.0055,-0.0425,1.1410
2025-01-27T11:04:19.193Z,-1.0393,0.6653,0.1195,-0.0044,0.0289,0.5748
2025-01-27T11:04:19.205Z,0.9822,-0.7338,-0.0794,0.0203,0.0333,0.7114
2025-01-27T11:04:19.214Z,0.6469,-0.4127,-0.0803,0.0160,-0.0305,1.1624
2025-01-27T11:04:19.223Z,-1.3854,0.8517,0.1940,-0.0169,-0.0881,-0.3233
2025-01-27T11:04:19.234Z,1.2419,-1.1719,-0.0073,-0.0224,0.1699,-0.5788
2025-01-27T11:04:19.243Z,3.1517,-2.0364,-0.3223,0.0451,-0.1173,0.6069
2025-01-27T11:04:19.255Z,-2.8280,1.9736,0.2159,-0.0190,-0.0369,-0.0224
2025-01-27T11:04:19.264Z,-0.8624,0.1312,0.3303,-0.0418,0.1194,-0.4175
2025-01-27T11:04:19.273Z,3.1109,-1.4121,-0.7262,0.0624,-0.0958,0.3650
2025-01-27T11:04:19.284Z,-1.9328,0.9302,0.5004,-0.0251,-0.0067,0.0390
2025-01-27T11:04:19.293Z,-0.6825,0.3803,0.0504,-0.0316,0.0600,-0.3358
2025-01-27T11:04:19.305Z,2.0824,-1.0201,-0.4428,0.0480,-0.0462,0.2865
2025-01-27T11:04:19.314Z,-1.2570,0.6061,0.3403,-0.0137,-0.0259,0.0245
2025-01-27T11:04:19.323Z,-0.5833,0.3016,0.0278,-0.0340,0.0600,-0.2543
2025-01-27T11:04:19.334Z,1.5832,-0.7732,-0.3457,0.0390,-0.0458,0.2325
2025-01-27T11:04:19.343Z,-0.9375,0.4922,0.2240,-0.0079,-0.0170,0.0038
2025-01-27T11:04:19.356Z,1.2807,-0.5892,-0.3485,-0.0317,0.0495,-0.1991
2025-01-27T11:04:19.364Z,1.2807,-0.5892,-0.3485,0.0343,-0.0481,0.1964
2025-01-27T11:04:19.373Z,-0.8872,0.4276,0.2470,-0.0076,-0.0011,-0.0151
2025-01-27T11:04:19.384Z,-0.2026,0.0857,0.0504,-0.0248,0.0299,-0.1399
2025-01-27T11:04:19.393Z,0.9902,-0.4400,-0.2741,0.0301,-0.0372,0.1662
2025-01-27T11:04:19.406Z,-0.0585,-0.0116,0.0206,-0.0038,0.0019,-0.0341
2025-01-27T11:04:19.414Z,-0.0585,-0.0116,0.0206,-0.0245,0.0239,-0.1072
2025-01-27T11:04:19.423Z,0.7486,-0.3366,-0.2002,0.0256,-0.0325,0.1509
2025-01-27T11:04:19.434Z,-0.6870,0.3555,0.1707,-0.0043,0.0055,-0.0519
2025-01-27T11:04:19.443Z,0.0614,-0.0584,0.0200,-0.0175,0.0187,-0.0688
2025-01-27T11:04:19.456Z,-0.6532,0.3318,0.1584,0.0189,-0.0290,0.1222
2025-01-27T11:04:19.464Z,-0.6532,0.3318,0.1584,-0.0066,0.0086,-0.0637
2025-01-27T11:04:19.473Z,0.1719,-0.1470,-0.0262,-0.0110,0.0074,-0.0323
2025-01-27T11:04:19.485Z,-0.5621,0.2804,0.1488,0.0159,-0.0263,0.0929
2025-01-27T11:04:19.493Z,-0.5621,0.2804,0.1488,-0.0076,0.0114,-0.0646
2025-01-27T11:04:19.506Z,0.1864,-0.0707,-0.0645,-0.0037,-0.0037,-0.0048
2025-01-27T11:04:19.514Z,-0.4331,0.2153,0.1091,0.0117,-0.0178,0.0684
2025-01-27T11:04:19.523Z,-0.4331,0.2153,0.1091,-0.0086,0.0125,-0.0637
2025-01-27T11:04:19.535Z,0.0557,0.0043,-0.0410,-0.0022,-0.0024,0.0189
2025-01-27T11:04:19.543Z,0.0557,0.0043,-0.0410,0.0093,-0.0148,0.0501
2025-01-27T11:04:19.556Z,0.3078,-0.1676,-0.0804,-0.0091,0.0122,-0.0648
2025-01-27T11:04:19.564Z,0.3078,-0.1676,-0.0804,0.0009,-0.0062,0.0285
2025-01-27T11:04:19.575Z,-0.2433,0.1267,0.0688,0.0031,-0.0089,0.0330
2025-01-27T11:04:19.584Z,0.3153,-0.1447,-0.0924,-0.0088,0.0096,-0.0490
2025-01-27T11:04:19.594Z,-0.0900,0.0743,0.0129,0.0031,-0.0069,0.0341
2025-01-27T11:04:19.606Z,-0.1520,0.0597,0.0476,0.0041,-0.0089,0.0157
2025-01-27T11:04:19.614Z,0.2699,-0.1207,-0.0642,-0.0055,0.0051,-0.0439
2025-01-27T11:04:19.624Z,-0.1194,0.0982,0.0289,0.0039,-0.0082,0.0388
2025-01-27T11:04:19.634Z,-0.0928,0.0446,0.0045,0.0010,-0.0057,0.0093
2025-01-27T11:04:19.645Z,0.2137,-0.1189,-0.0596,-0.0022,0.0068,-0.0335
2025-01-27T11:04:19.656Z,-0.1613,0.0866,0.0396,0.0061,-0.0121,0.0383
2025-01-27T11:04:19.664Z,-0.0328,-0.0104,0.0139,-0.0016,-0.0032,-0.0121
2025-01-27T11:04:19.675Z,0.1916,-0.0931,-0.0592,-0.0047,0.0055,-0.0193
2025-01-27T11:04:19.684Z,-0.1613,0.0985,0.0492,0.0035,-0.0120,0.0409
2025-01-27T11:04:19.695Z,0.0433,-0.0163,-0.0098,-0.0018,0.0047,-0.0170
2025-01-27T11:04:19.705Z,0.1170,-0.0495,-0.0490,-0.0054,-0.0003,-0.0178
2025-01-27T11:04:19.714Z,-0.1583,0.0808,0.0536,0.0039,-0.0076,0.0308
2025-01-27T11:04:19.724Z,0.0706,-0.0193,-0.0249,-0.0049,0.0007,-0.0175
2025-01-27T11:04:19.734Z,0.0623,-0.0140,-0.0259,-0.0033,0.0012,0.0001
2025-01-27T11:04:19.744Z,-0.1382,0.0877,0.0182,0.0037,-0.0073,0.0263
2025-01-27T11:04:19.755Z,0.1081,-0.0550,-0.0322,-0.0037,0.0026,-0.0260
2025-01-27T11:04:19.764Z,0.0194,0.0036,-0.0334,-0.0036,-0.0023,0.0076
2025-01-27T11:04:19.774Z,-0.1233,0.0610,0.0476,0.0019,-0.0076,0.0204
2025-01-27T11:04:19.784Z,0.1242,-0.0603,-0.0360,-0.0052,0.0016,-0.0147
2025-01-27T11:04:19.794Z,-0.0111,0.0263,0.0006,0.0026,-0.0046,0.0092
2025-01-27T11:04:19.805Z,-0.0744,0.0658,0.0045,0.0038,-0.0039,0.0122
2025-01-27T11:04:19.814Z,0.1090,-0.0561,-0.0289,-0.0016,0.0009,-0.0214
2025-01-27T11:04:19.824Z,-0.0258,0.0355,0.0081,0.0006,-0.0026,0.0201
2025-01-27T11:04:19.834Z,-0.0650,0.0287,0.0082,0.0023,-0.0081,0.0101
2025-01-27T11:04:19.844Z,0.1098,-0.0573,-0.0330,-0.0018,0.0048,-0.0146
2025-01-27T11:04:19.854Z,-0.0475,0.0348,0.0149,0.0040,-0.0078,0.0127
2025-01-27T11:04:19.864Z,-0.0435,-0.0019,0.0061,0.0015,-0.0011,0.0006
2025-01-27T11:04:19.873Z,0.0898,-0.0224,-0.0390,-0.0028,-0.0015,-0.0057
2025-01-27T11:04:19.885Z,-0.0621,0.0539,0.0051,-0.0002,-0.0003,-0.0062
2025-01-27T11:04:19.893Z,0.0230,0.0052,0.0001,-0.0002,-0.0003,-0.0062
2025-01-27T11:04:19.905Z,0.0434,-0.0093,-0.0102,-0.0002,-0.0008,-0.0059
2025-01-27T11:04:19.914Z,-0.0484,0.0254,0.0036,0.0020,-0.0049,0.0106
2025-01-27T11:04:19.924Z,0.0372,-0.0049,-0.0131,-0.0011,-0.0019,-0.0063
2025-01-27T11:04:19.935Z,0.0314,0.0044,-0.0158,0.0008,-0.0045,0.0129
2025-01-27T11:04:19.943Z,-0.0497,0.0341,0.0027,0.0008,-0.0045,0.0129
2025-01-27T11:04:19.955Z,0.0420,-0.0187,-0.0080,0.0003,0.0017,-0.0113
2025-01-27T11:04:19.964Z,0.0062,0.0075,-0.0083,0.0001,-0.0043,0.0121
2025-01-27T11:04:19.974Z,-0.0471,0.0162,0.0121,0.0001,-0.0043,0.0121
2025-01-27T11:04:19.984Z,0.0546,-0.0335,-0.0229,-0.0006,-0.0044,0.0066
2025-01-27T11:04:19.993Z,-0.0221,0.0308,-0.0081,-0.0006,-0.0044,0.0066
2025-01-27T11:04:20.006Z,-0.0413,0.0398,0.0082,-0.0005,-0.0018,-0.0083
2025-01-27T11:04:20.014Z,0.0648,-0.0417,-0.0117,0.0006,-0.0036,0.0175
2025-01-27T11:04:20.024Z,-0.0280,0.0414,-0.0092,0.0002,-0.0040,0.0024
2025-01-27T11:04:20.034Z,-0.0146,0.0185,0.0004,0.0017,0.0003,-0.0103
2025-01-27T11:04:20.044Z,0.0681,-0.0270,-0.0207,0.0019,-0.0077,0.0118
2025-01-27T11:04:20.056Z,-0.0507,0.0420,0.0057,-0.0009,-0.0012,-0.0022
2025-01-27T11:04:20.064Z,-0.0077,0.0033,-0.0113,-0.0022,0.0017,-0.0059
2025-01-27T11:04:20.074Z,0.0575,-0.0259,-0.0256,0.0013,-0.0057,0.0186
2025-01-27T11:04:20.084Z,-0.0597,0.0530,-0.0062,-0.0010,-0.0004,-0.0076
2025-01-27T11:04:20.094Z,0.0210,0.0046,-0.0135,0.0012,-0.0005,-0.0033
2025-01-27T11:04:20.105Z,0.0373,-0.0016,-0.0237,0.0012,-0.0005,-0.0033
2025-01-27T11:04:20.114Z,-0.0781,0.0515,0.0269,-0.0032,0.0038,-0.0019
2025-01-27T11:04:20.124Z,0.0504,-0.0234,-0.0158,-0.0032,0.0038,-0.0019
2025-01-27T11:04:20.134Z,0.0098,-0.0043,-0.0131,0.0003,0.0000,0.0070
2025-01-27T11:04:20.144Z,-0.0368,0.0268,0.0079,-0.0000,0.0000,-0.0120
2025-01-27T11:04:20.155Z,0.0617,-0.0120,-0.0102,0.0001,-0.0009,0.0035
2025-01-27T11:04:20.164Z,0.0091,-0.0001,0.0015,-0.0019,-0.0044,0.0149
2025-01-27T11:04:20.175Z,-0.0356,0.0349,0.0061,-0.0026,-0.0001,-0.0111
2025-01-27T11:04:20.184Z,0.0302,-0.0143,0.0082,-0.0007,0.0025,-0.0008
2025-01-27T11:04:20.194Z,0.0394,-0.0134,-0.0237,0.0001,-0.0055,0.0124
2025-01-27T11:04:20.205Z,-0.0707,0.0378,0.0025,-0.0047,0.0013,-0.0135
2025-01-27T11:04:20.214Z,0.0663,-0.0460,-0.0174,-0.0014,-0.0029,0.0128
2025-01-27T11:04:20.225Z,0.0138,0.0074,-0.0030,0.0007,-0.0067,0.0103
2025-01-27T11:04:20.234Z,-0.0644,0.0499,0.0044,0.0222,0.0211,-0.0181
2025-01-27T11:04:20.244Z,0.1064,-0.0403,-0.0538,0.0054,-0.0114,0.0118
2025-01-27T11:04:20.258Z,-0.0100,-0.0223,0.0609,-0.0247,0.0017,0.0070
2025-01-27T11:04:20.264Z,-0.0818,0.1271,-0.0637,0.0062,-0.0072,-0.0172
2025-01-27T11:04:20.274Z,0.1373,-0.1108,0.0071,0.0058,-0.0018,0.0207
2025-01-27T11:04:20.284Z,-0.0560,-0.0098,0.0667,-0.0296,-0.0071,0.0051
2025-01-27T11:04:20.294Z,-0.0418,0.1767,-0.1072,0.0105,0.0011,-0.0179