time;wx (rad/s);wy (rad/s);wz (rad/s)
0,001266;0,00;-0,00;0,02
0,001657;-0,02;-0,01;0,02
0,001847;-0,04;-0,01;0,01
0,002455;-0,05;-0,02;0,00
0,004202;-0,06;-0,01;-0,01
0,006282;-0,06;-0,01;-0,01
0,008103;-0,06;0,00;-0,02
0,009715;-0,05;0,01;-0,02
0,014783;-0,04;0,02;-0,02
0,014998;-0,02;0,02;-0,02
0,015856;0,00;0,01;-0,01
0,018205;0,02;0,01;-0,01
0,020161;0,04;0,01;-0,00
0,021963;0,05;0,00;0,01
0,023959;0,06;0,00;0,01
0,025887;0,05;-0,00;0,02
0,027762;0,04;-0,02;0,02
0,029835;0,03;-0,02;0,02
0,032036;0,02;-0,02;0,02
0,033753;0,00;-0,02;0,01
0,036127;-0,01;-0,01;0,01
0,038049;-0,02;-0,01;0,00
0,039926;-0,03;0,00;-0,01
0,041888;-0,04;0,01;-0,01
0,043896;-0,04;0,01;-0,01
0,046017;-0,04;0,02;-0,02
0,047872;-0,03;0,02;-0,02
0,049987;-0,03;0,01;-0,01
0,052013;-0,01;0,01;-0,01
0,053872;0,01;0,00;-0,00
0,055775;0,01;0,00;0,00
0,057789;0,03;-0,00;0,01
0,059779;0,03;-0,01;0,01
0,062268;0,03;-0,02;0,02
0,064229;0,03;-0,01;0,02
0,066254;0,03;-0,01;0,02
0,068407;0,03;-0,00;0,01
0,070313;0,02;-0,00;0,01
0,072049;0,01;0,00;0,01
0,073619;-0,01;0,01;-0,00
0,075898;-0,01;0,00;-0,01
0,077735;-0,02;0,01;-0,01
0,079750;-0,03;0,01;-0,02
0,081795;-0,03;0,01;-0,02
0,083742;-0,03;0,00;-0,02
0,086425;-0,03;0,01;-0,01
0,087790;-0,02;0,00;-0,01
0,089921;-0,01;0,00;-0,00
0,091711;-0,00;0,00;0,01
0,093615;0,00;0,00;0,01
0,096727;0,01;-0,00;0,02
0,097811;0,02;-0,01;0,02
0,100187;0,03;-0,01;0,01
0,102301;0,03;-0,00;0,01
0,103992;0,03;-0,00;0,01
0,106107;0,02;-0,01;-0,00
0,107827;0,01;-0,01;-0,01
0,109769;0,01;-0,00;-0,01
0,112449;-0,00;-0,00;-0,01
0,114153;-0,01;-0,00;-0,01
0,115710;-0,02;-0,00;-0,01
0,117972;-0,02;0,01;-0,01
0,120101;-0,02;0,01;-0,01
0,122131;-0,02;0,01;0,00
0,123961;-0,02;0,00;0,01
0,126149;-0,02;0,01;0,01
0,127877;-0,01;0,00;0,01
0,130541;-0,00;0,00;0,01
0,131865;0,01;-0,00;0,01
0,133788;0,01;-0,00;0,01
0,136246;0,02;-0,00;0,00
0,137970;0,02;-0,00;0,00
0,139853;0,02;-0,00;-0,00
0,141776;0,02;-0,00;-0,00
0,143960;0,02;0,00;-0,01
0,146219;0,01;-0,00;-0,01
0,147792;0,01;-0,00;-0,01
0,149773;-0,00;0,00;-0,01
0,152202;-0,01;0,00;-0,01
0,153984;-0,01;-0,00;-0,00
0,155959;-0,02;0,00;-0,00
0,157880;-0,02;0,00;0,00
0,159820;-0,02;0,00;0,00
0,162292;-0,02;-0,00;0,01
0,164673;-0,01;0,00;0,01
0,166023;-0,01;0,00;0,01
0,167794;-0,00;0,00;0,00
0,169709;0,00;0,00;-0,00
0,171882;0,00;-0,00;0,00
0,173791;0,02;-0,00;-0,00
0,175903;0,02;0,00;-0,00
0,177808;0,02;-0,00;-0,00
0,180484;0,02;-0,00;-0,01
0,181763;0,02;-0,00;-0,00
0,184034;0,01;0,00;-0,01
0,186336;0,01;0,00;-0,00
0,188193;-0,00;0,00;0,00
0,189792;-0,01;-0,00;0,01
0,191949;-0,01;0,01;0,00
0,193897;-0,02;0,00;0,00
0,195964;-0,02;-0,00;0,01
0,199037;-0,02;0,00;0,00
0,200068;-0,02;0,01;0,00
0,201876;-0,01;0,00;-0,00
0,204031;-0,01;0,00;0,00
0,206140;-0,00;0,00;0,00
0,207675;0,00;0,00;-0,01
0,209806;0,01;0,00;-0,01
0,212457;0,01;-0,00;-0,01
0,213998;0,02;-0,00;-0,01
0,216091;0,02;-0,00;-0,00
0,217935;0,02;0,00;-0,01
0,220248;0,01;-0,00;0,00
0,222201;0,01;0,00;0,00
0,224044;0,00;-0,00;0,00
0,226447;-0,00;-0,00;0,01
0,229467;-0,01;0,00;0,01
0,229760;-0,01;-0,00;0,01
0,232088;-0,01;-0,00;0,01
0,234018;-0,01;0,00;0,01
0,236068;-0,01;0,00;0,00
0,238122;-0,01;0,00;0,00
0,240046;-0,01;0,00;-0,00
0,242021;-0,01;0,00;-0,01
0,243807;-0,00;-0,00;-0,01
0,246015;0,01;0,00;-0,01
0,247914;0,01;0,00;-0,01
0,249877;0,01;0,00;-0,01
0,253110;0,01;-0,00;-0,01
0,253916;0,01;0,00;-0,00
0,256614;0,01;-0,00;0,00
0,257637;0,01;0,00;0,01
0,259895;0,00;-0,00;0,01
0,262327;-0,00;-0,00;0,01
0,264329;-0,00;-0,01;0,01
0,266212;-0,01;0,00;0,01
0,267901;-0,01;-0,00;0,01
0,270166;-0,01;-0,00;0,00
0,271966;-0,01;0,00;-0,00
0,273830;-0,01;0,00;-0,00
0,275786;-0,01;0,00;-0,01
0,279039;-0,00;-0,00;-0,01
0,279848;-0,00;0,01;-0,01
0,281795;0,00;0,00;-0,00
0,283806;0,00;0,00;-0,00
0,286265;0,01;0,00;-0,00
0,287873;0,01;-0,00;0,01
0,289665;0,01;-0,00;0,00
0,291821;0,01;-0,00;0,00
0,293629;0,01;-0,00;0,00
0,295926;0,01;-0,01;0,01
0,297755;0,00;-0,00;0,01
0,300198;0,00;-0,00;0,00
0,301965;-0,00;-0,00;0,00
0,303946;-0,01;-0,01;-0,00
0,305932;-0,01;-0,00;-0,00
0,307719;-0,01;0,00;-0,00
0,309870;-0,01;0,01;-0,00
0,312084;-0,01;0,01;-0,01
0,313786;-0,00;0,00;-0,00
0,316024;-0,00;0,00;-0,01
0,317836;-0,00;0,00;-0,00
0,320792;0,00;0,00;0,00
0,321639;0,00;-0,00;0,01
0,323617;0,00;-0,00;0,00
0,325878;0,01;-0,00;0,01
0,327695;0,01;-0,00;0,01
0,330057;0,00;-0,00;0,01
0,332159;0,01;-0,00;0,00
0,334271;0,00;-0,00;0,00
0,336423;0,00;-0,01;-0,00
0,338304;0,00;0,01;-0,00
0,340054;0,00;-0,00;-0,01
0,341784;-0,00;0,00;-0,01
0,343905;-0,00;0,00;-0,01
0,346032;-0,00;-0,00;-0,01
0,348294;-0,01;-0,00;-0,00
0,350003;-0,01;0,00;-0,00
0,352527;-0,00;0,00;0,00
0,354166;-0,00;-0,00;0,00
0,356121;-0,00;0,00;0,01
0,357927;0,00;0,00;0,01
0,359950;0,00;-0,00;0,00
0,362594;0,00;-0,00;0,01
0,365569;0,00;-0,00;0,01
0,366046;0,00;0,00;0,00
0,367741;0,00;0,00;-0,00
0,370153;0,00;-0,00;-0,00
0,371937;0,01;-0,00;-0,00
0,374091;0,00;0,00;-0,01
0,376007;0,00;0,00;-0,01
0,377793;0,00;-0,00;-0,01
0,379799;-0,00;0,00;-0,00
0,381911;0,00;0,00;-0,00
0,383849;-0,00;0,00;0,00
0,386391;-0,01;0,00;0,00
0,387918;-0,00;-0,00;0,01
0,389940;-0,00;0,00;0,00
0,392210;-0,00;0,00;0,01
0,394010;-0,00;-0,00;0,00
0,396283;-0,00;-0,00;0,00
0,398829;0,00;-0,00;0,00
0,400020;0,00;-0,00;-0,00
0,401898;0,00;-0,00;-0,00
0,403825;0,01;0,00;-0,01
0,406179;0,01;0,00;-0,00
0,407698;0,00;0,00;-0,00
0,409784;0,00;0,00;-0,00
0,412728;0,00;-0,00;-0,00
0,413997;0,00;0,00;0,00
0,416477;0,00;0,00;0,00
0,417938;-0,00;-0,00;0,00
0,419762;-0,00;0,00;0,01
0,421903;-0,01;-0,00;0,00
0,423968;-0,00;-0,00;0,01
0,426096;-0,00;-0,00;0,00
0,430715;-0,00;-0,00;-0,00
0,430951;-0,00;0,00;-0,00
0,431943;-0,00;-0,00;-0,00
0,433706;0,00;0,00;-0,00
0,436052;0,00;0,00;-0,00
0,438261;0,00;0,00;-0,00
0,439973;0,00;0,00;-0,01
0,441916;0,00;0,00;-0,00
0,444103;0,01;0,00;0,00
0,446018;0,01;-0,00;0,00
0,447984;0,00;-0,00;0,00
0,449820;0,00;-0,00;0,00
0,451816;0,00;-0,00;0,00
0,453699;0,00;-0,00;0,00
0,456036;-0,00;0,00;0,00
0,457873;0,00;0,00;0,00
0,460378;-0,00;-0,00;-0,00
0,462501;-0,00;0,00;-0,00
0,464117;-0,00;0,00;-0,00
0,466330;-0,00;0,00;-0,00
0,468128;0,00;0,00;-0,00
0,470306;-0,00;0,00;-0,00
0,471880;0,00;0,00;-0,00
0,473797;0,00;-0,00;-0,00
0,475785;0,00;0,00;0,00
0,479191;-0,00;0,00;0,00
0,480222;0,00;-0,00;0,00
0,481866;0,00;-0,00;0,01
0,484239;0,00;-0,00;0,00
0,486395;0,00;-0,00;0,00
0,487911;0,00;0,00;0,00
0,489971;0,00;0,00;0,00
0,491882;-0,00;-0,00;-0,00
0,493690;0,00;0,00;-0,00
0,496856;0,00;-0,00;-0,00
0,498139;0,00;0,00;-0,00
0,500428;0,00;-0,00;-0,00
0,502097;0,00;-0,00;-0,00
0,503883;-0,00;0,00;-0,01
0,506184;-0,00;-0,00;-0,00
0,508022;-0,00;-0,00;-0,00
0,510134;-0,00;-0,00;-0,00
0,512803;-0,00;-0,00;0,00
0,514531;-0,00;0,00;0,00
0,516314;0,00;-0,00;0,00
0,517929;0,00;-0,00;0,00
0,520150;0,00;0,00;0,00
0,521904;0,00;-0,00;-0,00
0,523797;0,00;-0,00;0,00
0,526000;0,00;-0,00;-0,00
0,527838;0,00;-0,00;-0,01
0,530908;0,00;0,00;-0,01
0,531928;-0,00;0,00;-0,00
0,533763;-0,00;0,00;-0,00
0,536131;-0,00;0,01;-0,00
0,538150;-0,00;0,00;0,00
0,540318;-0,00;0,00;0,00
0,542145;-0,00;-0,00;0,00
0,543916;-0,00;0,00;0,01
0,546184;-0,00;-0,00;0,01
0,547767;-0,00;0,00;0,01
0,549853;-0,00;-0,00;0,00
0,552146;-0,00;-0,00;0,00
0,554722;-0,00;0,00;-0,00
0,556164;0,00;-0,00;-0,00
0,557761;0,00;0,00;-0,00
0,560210;0,00;0,00;-0,01
0,561888;0,00;0,00;-0,01
0,563954;0,00;-0,00;-0,01
0,566586;0,00;-0,00;-0,01
0,567845;0,00;0,00;-0,00
0,570003;0,00;0,00;0,00
0,571918;-0,00;-0,00;0,00
0,573670;-0,00;0,00;0,00
0,575680;-0,00;0,00;0,01
0,577681;-0,00;-0,00;0,01
0,579844;-0,00;-0,00;0,00
0,581799;-0,00;0,00;0,00
0,583872;-0,00;0,00;0,00
0,586432;0,00;0,00;0,00
0,587850;0,00;-0,00;-0,00
0,589806;-0,00;0,00;-0,00
0,592068;-0,00;0,00;-0,00
0,593868;0,00;0,00;-0,00
0,596739;0,00;-0,00;-0,00
0,597936;-0,00;-0,00;-0,00
0,603558;0,00;-0,00;-0,01
0,603877;0,00;0,00;-0,00
0,604096;0,00;-0,00;0,00
0,606445;0,00;-0,00;0,00
0,608353;0,00;0,00;0,00
0,610060;-0,00;0,00;0,00
0,612076;0,00;0,00;-0,00
0,614313;-0,00;0,00;0,00
0,615752;0,00;-0,00;-0,00
0,618759;-0,00;0,00;-0,00
0,621247;0,00;0,00;-0,00
0,623713;0,00;-0,00;-0,00
0,624492;-0,00;-0,00;-0,01
0,626613;-0,00;0,00;-0,00
0,628698;-0,00;-0,00;-0,00
0,632380;0,00;0,00;0,00
0,632654;0,00;0,00;-0,00
0,634198;0,00;-0,00;0,00
0,636852;0,00;-0,00;0,00
0,638546;0,00;-0,00;0,01
0,640467;0,00;-0,00;0,00
0,642075;-0,00;-0,00;0,00
0,644234;0,00;0,00;0,00
0,647677;0,00;0,00;0,00
0,648688;0,00;-0,00;-0,00
0,651617;-0,00;0,01;-0,00
0,652932;-0,00;0,00;-0,01
0,653864;-0,00;-0,00;-0,01
0,656857;-0,00;0,00;-0,00
0,658963;-0,00;0,00;-0,00
0,660488;0,00;0,00;-0,00
0,663744;0,00;-0,00;-0,00
0,664084;-0,00;0,00;-0,00
0,672590;-0,00;0,00;0,00
0,673004;0,00;-0,00;0,00
0,673157;0,00;-0,00;0,01
0,673316;0,00;0,00;0,01
0,673853;0,00;0,00;0,01
0,676051;0,00;0,00;0,00
0,677879;0,00;-0,00;0,00
0,680271;0,00;-0,00;-0,00
0,681972;0,00;-0,00;-0,00
0,686271;0,00;0,00;-0,00
0,687053;0,00;0,00;-0,01
0,687825;0,00;0,00;-0,01
0,689810;-0,00;0,00;-0,01
0,692001;-0,00;0,01;-0,01
0,693629;-0,00;-0,00;-0,00
0,696373;-0,00;0,00;-0,00
0,697699;-0,00;-0,00;0,00
0,699912;0,00;-0,00;0,00
0,702068;-0,00;0,00;0,00
0,704096;-0,00;-0,00;0,00
0,706694;0,00;0,00;0,01
0,707885;0,00;0,00;0,00
0,709648;-0,00;0,00;0,01
0,712966;0,00;0,00;0,00
0,714196;-0,00;0,00;-0,00
0,716418;0,00;-0,00;-0,00
0,718742;0,00;-0,00;-0,00
0,719836;0,00;0,00;-0,01
0,721947;0,00;-0,00;-0,00
0,724443;0,00;-0,00;-0,00
0,726272;-0,00;0,01;-0,00
0,727914;0,00;-0,00;0,00
0,732294;-0,00;-0,00;-0,00
0,732575;-0,00;0,00;0,00
0,734212;-0,00;-0,00;0,00
0,737382;-0,00;0,00;0,01
0,738125;-0,00;-0,00;0,01
0,740456;-0,00;0,00;0,01
0,742222;-0,00;0,00;0,00
0,743998;0,00;-0,00;0,00
0,751330;-0,00;-0,00;-0,00
0,751664;-0,00;-0,00;-0,00
0,751870;0,00;0,00;-0,00
0,752115;0,00;0,00;-0,01
0,755455;0,00;0,00;-0,00
0,755898;0,00;-0,00;-0,00
0,758181;0,00;0,00;-0,00
0,759856;0,00;0,00;-0,00
0,763822;0,00;0,00;-0,00
0,764893;0,00;0,00;0,00
0,766295;-0,00;0,00;0,00
0,767858;-0,00;-0,00;0,00
0,769984;-0,00;-0,00;0,00
0,772270;-0,00;-0,00;0,00
0,774003;-0,00;0,00;0,00
0,776026;-0,00;0,00;0,00
0,778336;-0,00;0,00;0,00
0,780022;0,00;-0,00;0,00
0,782103;-0,00;-0,00;-0,00
0,784601;0,00;-0,00;-0,00
0,786867;0,00;-0,00;-0,00
0,788317;0,00;0,00;-0,00
0,790239;0,00;0,00;-0,00
0,792407;0,00;-0,00;-0,01
0,803866;0,00;-0,00;-0,00
0,804369;0,00;-0,00;0,00
0,804544;0,00;0,00;0,00
0,804704;0,00;-0,00;0,01
0,804840;-0,00;-0,00;0,00
0,804976;-0,00;-0,00;0,00
0,806605;-0,00;-0,00;0,01
0,807846;-0,00;-0,01;0,00
0,809812;-0,00;0,00;0,00
0,811819;-0,00;0,00;0,00
0,814833;-0,00;-0,00;-0,00
0,816368;0,00;0,00;-0,01
0,818133;-0,00;0,00;-0,00
0,820177;0,00;0,00;-0,00
0,822380;0,00;0,00;-0,00
0,824481;-0,00;0,00;-0,00
0,828234;0,00;-0,00;0,00
0,828619;0,00;-0,00;0,00
0,832733;-0,00;0,00;0,00
0,833002;-0,00;-0,00;-0,00
0,834588;-0,00;0,00;0,00
0,836269;-0,00;-0,00;0,00
0,837973;-0,00;-0,00;0,00
0,840048;-0,00;-0,01;0,00
0,842410;-0,00;-0,00;-0,00
0,844023;-0,00;0,00;0,00
0,846972;-0,00;-0,00;0,00
0,848557;0,00;0,00;-0,00
0,850312;0,00;0,00;-0,00
0,853068;0,00;-0,00;-0,00
0,853940;0,00;0,00;0,00
0,856105;-0,00;0,00;-0,00
0,857940;0,00;0,00;0,00
0,860165;-0,00;0,00;0,00
0,863005;-0,00;-0,00;0,00
0,864481;-0,00;0,00;-0,00
0,866800;-0,00;0,00;0,00
0,868246;-0,00;0,00;0,00
0,870842;-0,00;-0,00;0,01
0,872899;-0,00;0,00;-0,00
0,874292;0,00;-0,00;-0,00
0,876339;0,00;0,00;-0,00
0,878665;0,00;-0,00;-0,00
0,880388;0,00;0,00;-0,00
0,882401;0,00;0,00;-0,01
0,884157;0,00;0,00;-0,01
0,886498;0,00;-0,00;-0,00
0,888244;-0,00;0,00;-0,00
0,890211;-0,00;0,00;-0,00
0,891995;-0,00;0,00;0,00
0,894222;0,00;-0,00;0,01
0,896803;0,00;-0,00;0,01
0,898358;-0,00;0,00;0,01
0,900199;-0,00;-0,00;0,00
0,902610;0,00;-0,00;0,00
0,904436;-0,00;-0,00;0,00
0,907034;0,00;-0,00;-0,00
0,908134;0,00;-0,00;-0,00
0,909919;0,00;-0,00;-0,00
0,913348;0,00;0,00;-0,01
0,913979;0,00;0,00;-0,01
0,916784;0,00;0,00;-0,00
0,918945;0,00;0,00;-0,00
0,920343;0,00;-0,00;0,00
0,921850;0,00;-0,00;0,00
0,924178;-0,00;-0,00;0,00
0,926479;-0,00;-0,00;0,00
0,927886;0,00;-0,00;0,01
0,932864;0,00;-0,00;0,00
0,933096;0,00;0,00;0,00
0,934000;0,00;-0,00;0,00
0,936192;-0,00;0,00;0,00
0,937991;-0,00;0,00;0,00
0,940596;-0,00;0,00;-0,00
0,941689;-0,00;0,00;-0,00
0,943988;0,00;0,00;-0,00
0,946749;0,00;0,00;-0,00
0,948137;-0,00;0,01;-0,00
0,950103;0,00;-0,00;-0,00
0,952168;0,00;0,00;0,00
0,954245;0,00;-0,00;0,00
0,956671;-0,00;-0,00;0,00
0,958022;0,00;0,00;-0,00
0,960164;-0,00;-0,00;0,00
0,962138;-0,00;-0,01;0,00
0,964362;-0,00;-0,00;0,00
0,966774;-0,00;0,01;0,00
0,968563;-0,00;-0,00;0,00
0,970027;0,00;-0,00;-0,00
0,972232;0,00;0,01;-0,00
0,974336;-0,00;0,00;-0,00
0,976040;0,00;0,00;-0,00
0,978109;-0,00;-0,00;-0,00
0,980135;0,00;0,00;0,00
0,982052;0,00;0,00;0,00
0,987918;0,00;-0,00;0,00
0,988201;0,00;-0,00;0,00
0,988658;0,00;-0,01;0,00
0,990373;-0,00;0,01;0,00
0,992572;-0,00;-0,00;0,00
0,994318;-0,00;0,00;-0,00
0,997318;0,00;0,00;0,00
0,998751;0,00;0,00;-0,00
1,001009;0,00;-0,00;-0,00
1,002695;-0,00;0,00;-0,00
1,004039;0,00;-0,00;0,00
1,006541;0,00;-0,00;0,00
1,008112;0,00;0,00;0,00
1,010134;0,00;-0,00;-0,00
1,012205;-0,00;-0,00;0,00
1,015087;0,00;-0,00;0,00
1,016451;-0,00;0,00;-0,00
1,018206;0,00;0,00;-0,00
1,020926;-0,00;0,00;-0,00
1,022065;0,00;0,00;-0,00
1,024224;0,00;0,00;-0,00
1,026598;0,00;-0,00;-0,00
1,028678;0,00;0,00;-0,00
1,031784;0,00;-0,00;-0,00
1,032880;-0,00;-0,00;-0,00
1,034259;-0,00;0,00;0,00
1,038071;0,00;-0,00;0,00
1,038374;0,00;-0,00;0,00
1,040348;0,00;-0,00;0,00
1,042133;-0,00;0,00;-0,00
1,044038;-0,00;-0,00;0,00
1,048058;0,00;-0,00;-0,00
1,048228;-0,00;-0,00;-0,00
1,049875;0,00;0,00;-0,00
1,052345;0,00;-0,00;0,00
1,054491;-0,00;0,00;-0,00
1,056415;0,00;0,00;-0,00
1,058217;-0,00;-0,00;-0,00
1,060322;0,00;0,00;0,00
1,064002;0,00;-0,00;0,00
1,064267;-0,00;-0,00;-0,00
1,067028;-0,00;0,01;-0,00
1,068405;-0,00;-0,00;0,00
1,069933;0,00;-0,00;0,00
1,071940;0,00;0,00;-0,00
1,074064;0,00;-0,00;0,00
1,076035;0,00;-0,00;0,00
1,078462;0,00;-0,00;0,00
1,081882;0,00;-0,00;0,00
1,083318;0,00;-0,00;0,00
1,085901;0,00;0,00;0,00
1,086751;-0,00;0,00;0,00
1,088358;0,00;0,00;-0,00
1,090243;0,00;0,00;-0,00
1,091745;-0,00;-0,00;-0,00
1,094302;-0,00;0,00;-0,00
1,099710;-0,00;0,00;-0,01
1,099977;-0,00;-0,01;-0,01
1,101396;0,00;0,00;0,00
1,101821;-0,00;-0,00;-0,00
1,104183;-0,00;0,00;0,00
1,106213;0,00;0,00;0,00
1,108129;0,00;-0,00;-0,00
1,110165;-0,00;-0,00;0,01
1,112107;0,00;-0,00;-0,00
1,114467;0,00;-0,00;0,00
1,116824;-0,00;-0,00;0,00
1,118903;-0,00;0,00;-0,00
1,120440;-0,00;-0,00;-0,00
1,122901;-0,00;0,00;-0,00
1,124004;-0,00;-0,00;-0,00
1,125836;-0,00;-0,00;-0,00
1,127817;-0,00;-0,00;0,00
1,132017;0,00;0,00;-0,00
1,132839;-0,00;-0,00;-0,00
1,135012;0,00;-0,00;-0,00
1,136085;0,00;0,00;0,00
1,138300;0,00;-0,00;-0,00
1,140453;0,00;-0,00;-0,00
1,142438;0,00;-0,00;-0,00
1,144042;-0,00;-0,00;-0,00
1,146979;0,00;0,00;-0,00
1,148288;0,00;0,00;-0,00
1,150524;0,00;0,00;-0,00
1,151988;-0,00;-0,00;0,00
1,154468;-0,00;0,00;-0,00
1,156077;0,00;0,00;-0,00
1,158244;-0,00;0,00;-0,00
1,160058;-0,00;0,00;-0,00
1,162402;0,00;-0,00;-0,00
1,164224;-0,00;0,00;-0,00
1,166196;0,00;0,00;-0,00
1,168705;0,00;-0,00;-0,00
1,170234;-0,00;-0,00;0,00
1,172540;0,00;0,00;0,00
1,174957;0,00;-0,00;0,00
1,176612;0,00;-0,00;0,00
1,178325;0,00;0,00;0,00
1,180497;0,00;-0,00;-0,00
1,182354;-0,00;0,01;-0,00
1,184612;-0,00;-0,00;-0,00
1,186772;0,00;0,00;0,00
1,188204;-0,00;0,00;0,01
1,190097;0,00;-0,00;0,00
1,192060;-0,00;-0,00;0,00
1,193987;-0,00;0,00;0,00
1,196966;-0,00;-0,00;0,00
1,199491;-0,00;-0,00;-0,00
1,202678;-0,00;0,00;-0,00
1,204299;0,00;-0,00;-0,00
1,204497;0,00;-0,00;-0,00
1,206850;0,00;0,00;-0,01
1,207807;-0,00;0,00;0,00
1,209677;0,00;0,00;0,00
1,211724;-0,00;-0,00;0,00
1,214072;0,00;0,00;0,00
1,216309;0,00;-0,00;0,00
1,218388;-0,00;0,00;-0,00
1,220789;-0,00;0,00;0,00
1,222900;0,00;-0,00;0,00
1,224845;0,00;-0,00;0,00
1,226700;0,00;-0,00;0,00
1,228424;0,00;-0,00;0,00
1,232720;0,00;-0,00;-0,00
1,232987;0,00;-0,01;-0,00
1,234478;-0,00;0,00;-0,00
1,236089;-0,00;0,00;-0,00
1,238511;-0,00;0,00;-0,00
1,240692;0,00;-0,00;-0,00
1,242794;-0,00;0,00;-0,00
1,244351;0,00;0,00;0,00
1,246926;-0,00;-0,00;-0,00
1,248404;-0,00;-0,00;0,00
1,250046;-0,00;0,00;0,00
1,252059;-0,00;0,00;0,00
1,254027;-0,00;-0,00;0,00
1,256065;-0,00;-0,00;0,00
1,258103;0,00;-0,00;0,00
1,260072;0,00;0,00;0,00
1,262365;0,00;-0,00;-0,00
1,264543;-0,00;-0,00;-0,00
1,266539;0,00;-0,00;-0,00
1,268755;-0,00;0,00;-0,00
1,270069;-0,00;0,00;-0,00
1,273082;0,00;-0,00;-0,00
1,274181;0,00;0,00;-0,00
1,275883;0,00;0,00;-0,00
1,278033;-0,00;0,00;0,00
1,280711;0,00;-0,00;0,00
1,282752;0,00;-0,00;0,00
1,284406;-0,00;0,00;0,00
1,286449;-0,00;-0,00;0,00
1,288130;-0,00;0,00;0,00
1,290302;-0,00;-0,00;-0,00
1,292375;-0,00;0,00;-0,00
1,294087;-0,00;0,00;-0,00
1,297370;0,00;0,00;-0,00
1,298284;0,00;0,00;-0,00
1,300309;0,01;0,00;-0,00
1,302511;0,01;-0,01;0,00
1,304631;0,01;0,00;-0,00
1,306651;0,00;-0,01;0,00
1,308497;-0,00;-0,01;0,00
1,310300;-0,00;-0,00;0,00
1,312289;-0,00;0,00;0,00
1,314233;-0,00;0,00;0,00
1,316218;-0,00;0,00;0,01
1,321242;-0,00;0,00;0,00
1,321664;-0,00;0,00;0,00
1,323967;-0,00;0,00;-0,00
1,324829;-0,00;0,00;-0,00
1,328112;0,00;0,00;-0,00
1,328848;-0,00;-0,00;-0,00
1,331701;0,00;-0,00;-0,00
1,332661;0,00;-0,01;-0,00
1,333929;0,00;-0,00;-0,00
1,335839;0,00;-0,01;-0,00
1,337866;0,00;-0,00;-0,00
1,339736;0,00;0,00;0,00
1,341752;0,00;-0,01;0,03
1,344017;-0,00;0,01;0,33
1,347198;-0,00;0,02;0,67
1,347842;0,01;0,05;0,80
1,349798;0,03;0,20;1,27
1,352047;0,02;0,00;1,66
1,354138;-0,01;-0,17;1,87
1,356230;-0,01;-0,10;2,00
1,358292;-0,04;-0,20;2,24
1,360144;-0,04;-0,09;2,42
1,362102;-0,04;-0,04;2,47
1,364696;-0,02;-0,01;2,54
1,366207;0,02;0,01;2,49
1,368424;0,03;-0,08;2,39
1,370206;0,06;-0,12;2,12
1,371910;0,09;-0,17;1,85
1,373988;0,09;-0,16;1,73
1,376075;0,11;-0,06;1,53
1,377907;0,10;-0,03;1,42
1,380553;0,09;0,04;1,40
1,382535;0,07;0,09;1,42
1,384185;0,02;0,09;1,52
1,386731;-0,01;0,07;1,61
1,388616;-0,03;0,03;1,66
1,390716;-0,05;-0,02;1,77
1,392890;-0,07;-0,07;1,90
1,394143;-0,07;-0,09;1,97
1,397276;-0,07;-0,10;2,10
1,397789;-0,06;-0,09;2,18
1,399989;-0,06;-0,08;2,19
1,402186;-0,03;-0,06;2,16
1,404130;0,00;-0,05;1,99
1,406507;0,02;-0,06;1,86
1,409058;0,07;-0,07;1,63
1,410832;0,11;-0,08;1,44
1,414556;0,12;-0,09;1,39
1,414912;0,13;-0,05;1,34
1,416574;0,12;0,01;1,38
1,419926;0,09;0,05;1,49
1,420803;0,07;0,07;1,57
1,421980;0,03;0,06;1,71
1,424668;-0,02;0,02;1,83
1,426254;-0,04;0,01;1,88
1,428015;-0,07;-0,04;2,00
1,433407;-0,09;-0,08;2,11
1,435763;-0,09;-0,10;2,16
1,435989;-0,09;-0,10;2,21
1,436141;-0,08;-0,09;2,17
1,438035;-0,06;-0,10;2,13
1,440157;-0,02;-0,07;1,92
1,443226;0,03;-0,07;1,67
1,444243;0,05;-0,06;1,53
1,447790;0,10;-0,05;1,35
1,447974;0,13;-0,04;1,28
1,449551;0,13;-0,03;1,27
1,451741;0,13;0,02;1,35
1,453997;0,11;0,07;1,51
1,456231;0,07;0,08;1,71
1,458302;0,05;0,07;1,78
1,460304;0,01;0,04;1,92
1,462595;-0,03;-0,02;2,04
1,464422;-0,06;-0,04;2,08
1,466521;-0,09;-0,11;2,18
1,468538;-0,10;-0,13;2,24
1,470295;-0,11;-0,13;2,22
1,472662;-0,09;-0,12;2,15
1,474349;-0,05;-0,10;1,99
1,476051;-0,03;-0,07;1,86
1,477939;0,02;-0,06;1,60
1,480683;0,07;-0,05;1,38
1,482145;0,11;-0,04;1,23
1,484359;0,12;-0,02;1,20
1,486696;0,13;0,00;1,23
1,488258;0,12;0,05;1,28
1,490036;0,11;0,08;1,46
1,492155;0,08;0,09;1,69
1,493592;0,04;0,07;1,86
1,496051;0,02;0,04;1,95
1,497660;-0,03;-0,01;2,08
1,499906;-0,07;-0,08;2,19
1,502156;-0,08;-0,11;2,24
1,504228;-0,10;-0,14;2,29
1,506270;-0,10;-0,15;2,26
1,508057;-0,09;-0,13;2,20
1,510014;-0,05;-0,10;2,02
1,511989;-0,01;-0,08;1,74
1,514184;0,04;-0,05;1,48
1,516518;0,07;-0,06;1,38
1,518292;0,10;-0,05;1,24
1,520240;0,12;-0,02;1,21
1,522874;0,12;-0,00;1,24
1,524383;0,12;0,06;1,38
1,526296;0,10;0,10;1,58
1,528168;0,08;0,10;1,69
1,533107;0,04;0,08;1,86
1,533379;-0,00;0,03;2,00
1,535538;-0,02;-0,01;2,08
1,536617;-0,06;-0,07;2,18
1,538005;-0,09;-0,12;2,24
1,540355;-0,09;-0,14;2,28
1,542112;-0,09;-0,15;2,24
1,544090;-0,07;-0,13;2,11
1,548065;-0,04;-0,10;1,89
1,549714;-0,01;-0,09;1,74
1,549943;0,04;-0,07;1,48
1,552645;0,09;-0,06;1,28
1,553985;0,10;-0,05;1,21
1,555821;0,12;-0,02;1,18
1,558126;0,12;0,03;1,27
1,559919;0,11;0,05;1,36
1,562287;0,09;0,10;1,56
1,565120;0,06;0,11;1,78
1,566881;0,04;0,09;1,85
1,570854;0,01;0,04;2,00
1,571375;-0,03;-0,02;2,13
1,572723;-0,05;-0,06;2,18
1,573934;-0,08;-0,12;2,24
1,576455;-0,10;-0,14;2,27
1,578016;-0,09;-0,14;2,20
1,581235;-0,08;-0,13;2,13
1,582303;-0,04;-0,10;1,91
1,586542;0,00;-0,09;1,63
1,586726;0,03;-0,08;1,50
1,588993;0,08;-0,06;1,32
1,590534;0,11;-0,05;1,24
1,592322;0,11;-0,03;1,22
1,593949;0,11;0,03;1,31
1,596107;0,10;0,09;1,49
1,598500;0,09;0,10;1,61
1,600275;0,06;0,11;1,81
1,601931;0,03;0,07;1,95
1,604612;0,02;0,04;2,00
1,606986;-0,02;-0,02;2,11
1,609145;-0,05;-0,11;2,18
1,610262;-0,07;-0,11;2,19
1,612268;-0,09;-0,14;2,20
1,614498;-0,08;-0,14;2,15
1,618260;-0,06;-0,12;2,00
1,618789;-0,04;-0,09;1,89
1,620169;0,00;-0,09;1,62
1,622265;0,05;-0,07;1,40
1,624189;0,07;-0,07;1,33
1,627186;0,09;-0,05;1,24
1,628489;0,10;-0,02;1,25
1,633634;0,10;0,03;1,29
1,633859;0,09;0,08;1,45
1,634751;0,07;0,10;1,67
1,636635;0,06;0,11;1,77
1,638077;0,03;0,07;1,92
1,641302;-0,00;0,02;2,04
1,641926;-0,03;-0,04;2,14
1,644029;-0,05;-0,08;2,19
1,649952;-0,07;-0,12;2,22
1,650235;-0,07;-0,13;2,22
1,650568;-0,07;-0,14;2,17
1,652423;-0,05;-0,13;2,04
1,653965;-0,01;-0,10;1,80
1,656065;0,00;-0,09;1,66
1,658792;0,05;-0,07;1,44
1,659866;0,08;-0,06;1,29
1,662014;0,08;-0,05;1,27
1,664753;0,09;-0,03;1,28
1,666673;0,08;0,04;1,41
1,668858;0,08;0,07;1,51
1,670311;0,06;0,10;1,71
1,672578;0,04;0,10;1,88
1,674139;0,03;0,05;2,00
1,676246;0,01;0,03;2,04
1,677859;-0,02;-0,04;2,12
1,680629;-0,05;-0,10;2,18
1,683590;-0,06;-0,13;2,19
1,686216;-0,06;-0,14;2,17
1,686498;-0,05;-0,12;2,07
1,688592;-0,04;-0,12;2,00
1,689764;-0,01;-0,10;1,76
1,691985;0,03;-0,09;1,52
1,693758;0,04;-0,08;1,40
1,697904;0,07;-0,06;1,25
1,698542;0,07;-0,04;1,21
1,700345;0,07;-0,02;1,21
1,701801;0,06;0,05;1,34
1,704127;0,05;0,09;1,54
1,706140;0,04;0,11;1,77
1,708395;0,03;0,10;1,85
1,710252;0,02;0,05;2,01
1,711781;0,00;0,00;2,13
1,714594;-0,01;-0,02;2,17
1,716007;-0,03;-0,09;2,24
1,721411;-0,04;-0,12;2,26
1,721632;-0,05;-0,13;2,24
1,721742;-0,03;-0,13;2,13
1,724258;-0,01;-0,12;1,93
1,726301;0,00;-0,12;1,80
1,727519;0,03;-0,11;1,53
1,729636;0,06;-0,09;1,32
1,732737;0,06;-0,07;1,25
1,733792;0,06;-0,05;1,21
1,736188;0,05;0,01;1,28
1,738017;0,04;0,07;1,47
1,739790;0,03;0,10;1,57
1,742042;0,02;0,12;1,79
1,744301;0,01;0,10;1,94
1,745861;0,02;0,06;2,01
1,748070;0,01;0,01;2,12
1,749876;-0,01;-0,07;2,18
1,752431;-0,01;-0,10;2,20
1,753841;-0,02;-0,12;2,22
1,756291;-0,01;-0,15;2,16
1,757993;-0,01;-0,13;2,08
1,760013;0,01;-0,13;1,91
1,762308;0,03;-0,11;1,65
1,764473;0,04;-0,11;1,53
1,768386;0,05;-0,09;1,33
1,768633;0,05;-0,06;1,21
1,772623;0,03;-0,02;1,21
1,772865;0,03;0,01;1,26
1,774689;0,02;0,06;1,43
1,775929;0,01;0,10;1,65
1,777817;-0,00;0,12;1,77
1,781505;-0,00;0,09;1,93
1,781694;0,00;0,05;2,06
1,784414;0,01;0,02;2,12
1,786191;0,00;-0,05;2,18
1,787868;-0,00;-0,11;2,20
1,789682;0,00;-0,12;2,20
1,791782;0,01;-0,15;2,16
1,793722;0,02;-0,14;2,04
1,796009;0,03;-0,13;1,95
1,798152;0,04;-0,11;1,70
1,800285;0,05;-0,09;1,46
1,802083;0,06;-0,07;1,31
1,803880;0,05;-0,06;1,26
1,805842;0,02;-0,02;1,25
1,807577;0,01;0,00;1,30
1,809862;-0,01;0,05;1,45
1,811997;-0,02;0,10;1,65
1,813870;-0,02;0,10;1,86
1,815844;-0,02;0,09;1,92
1,817969;-0,00;0,05;2,05
1,819948;0,00;-0,00;2,16
1,821763;0,00;-0,04;2,18
1,824061;0,01;-0,09;2,22
1,826332;0,03;-0,13;2,21
1,828575;0,04;-0,15;2,19
1,833210;0,05;-0,15;2,05
1,833422;0,06;-0,13;1,83
1,834197;0,06;-0,11;1,68
1,837277;0,07;-0,10;1,43
1,838556;0,05;-0,08;1,26
1,840535;0,02;-0,05;1,19
1,842130;0,00;-0,02;1,18
1,843973;-0,03;0,03;1,29
1,848016;-0,05;0,09;1,49
1,848780;-0,05;0,10;1,61
1,850168;-0,05;0,11;1,83
1,853493;-0,04;0,08;1,99
1,854060;-0,02;0,06;2,05
1,856879;0,00;0,00;2,17
1,858489;0,02;-0,08;2,24
1,860191;0,03;-0,09;2,25
1,861931;0,05;-0,13;2,25
1,864568;0,07;-0,16;2,17
1,866457;0,08;-0,16;2,09
1,868484;0,09;-0,14;1,87
1,870334;0,09;-0,12;1,59
1,872838;0,07;-0,10;1,36
1,874584;0,06;-0,08;1,29
1,876250;0,02;-0,05;1,21
1,878249;-0,03;-0,00;1,25
1,881288;-0,05;0,04;1,31
1,882342;-0,08;0,09;1,50
1,884069;-0,08;0,11;1,72
1,886446;-0,08;0,11;1,82
1,888010;-0,06;0,08;1,97
1,890058;-0,02;0,04;2,09
1,892234;0,00;0,01;2,15
1,894204;0,03;-0,07;2,23
1,896278;0,06;-0,12;2,24
1,898639;0,07;-0,13;2,23
1,900501;0,10;-0,16;2,16
1,902466;0,12;-0,16;1,99
1,904403;0,12;-0,14;1,74
1,906324;0,10;-0,12;1,60
1,908212;0,08;-0,08;1,37
1,909765;0,04;-0,05;1,21
1,912192;0,01;-0,04;1,19
1,914429;-0,05;0,01;1,21
1,916502;-0,09;0,06;1,35
1,918209;-0,10;0,08;1,45
1,920353;-0,11;0,10;1,69
1,922311;-0,09;0,09;1,88
1,924418;-0,08;0,08;1,95
1,926134;-0,03;0,03;2,08
1,927716;0,01;-0,02;2,17
1,932700;0,03;-0,06;2,22
1,932894;0,07;-0,12;2,25
1,934497;0,11;-0,17;2,22
1,936800;0,13;-0,17;2,10
1,938984;0,14;-0,17;2,02
1,940617;0,14;-0,14;1,77
1,941855;0,12;-0,11;1,52
1,943916;0,10;-0,08;1,40
1,946142;0,05;-0,04;1,25
1,948611;-0,03;0,00;1,21
1,950525;-0,06;0,02;1,22
1,953038;-0,11;0,07;1,35
1,955023;-0,14;0,10;1,56
1,957444;-0,13;0,10;1,68
1,958162;-0,12;0,09;1,88
1,959981;-0,08;0,06;2,03
1,961815;-0,05;0,03;2,09
1,964573;0,01;-0,02;2,18
1,968455;0,06;-0,09;2,23
1,968761;0,08;-0,13;2,24
1,969664;0,12;-0,17;2,20
1,971946;0,15;-0,18;2,09
1,974190;0,16;-0,16;1,91
1,975779;0,16;-0,15;1,78
1,977844;0,13;-0,10;1,52
1,979897;0,09;-0,05;1,33
1,984129;0,05;-0,01;1,27
1,984383;-0,03;0,01;1,25
1,985846;-0,10;0,05;1,32
1,987844;-0,12;0,08;1,39
1,990007;-0,15;0,10;1,58
1,991675;-0,15;0,10;1,78
1,994465;-0,12;0,07;1,91
1,996192;-0,09;0,04;1,98
1,998227;-0,03;-0,00;2,05
1,999770;0,03;-0,08;2,10
2,001904;0,06;-0,11;2,12
2,003547;0,11;-0,16;2,15
2,005783;0,16;-0,19;2,13
2,007811;0,16;-0,17;2,08
2,009553;0,17;-0,14;1,95
2,011516;0,16;-0,09;1,72
2,015609;0,14;-0,07;1,61
2,016458;0,09;-0,02;1,42
2,017615;0,02;0,00;1,30
2,019737;-0,02;0,02;1,28
2,021684;-0,10;0,04;1,32
2,023702;-0,14;0,06;1,46
2,025813;-0,16;0,07;1,55
2,027599;-0,16;0,08;1,76
2,029733;-0,12;0,06;1,91
2,034200;-0,07;0,02;2,03
2,034444;-0,03;-0,01;2,09
2,036566;0,03;-0,08;2,15
2,037992;0,09;-0,13;2,18
2,039940;0,11;-0,16;2,20
2,041582;0,16;-0,18;2,15
2,043565;0,18;-0,16;2,03
2,045690;0,18;-0,14;1,94
2,047907;0,16;-0,09;1,70
2,049751;0,12;-0,03;1,47
2,054109;0,09;-0,02;1,39
2,054339;0,03;0,01;1,25
2,055911;-0,06;0,04;1,22
2,057532;-0,09;0,04;1,26
2,059824;-0,14;0,06;1,40
2,061576;-0,17;0,08;1,61
2,064630;-0,15;0,07;1,82
2,065912;-0,13;0,06;1,89
2,067670;-0,07;0,01;2,02
2,069602;-0,01;-0,04;2,13
2,071913;0,03;-0,07;2,16
2,073775;0,09;-0,14;2,20
2,075684;0,14;-0,18;2,20
2,077693;0,15;-0,19;2,19
2,079740;0,18;-0,18;2,09
2,081885;0,17;-0,13;1,90
2,083839;0,16;-0,09;1,76
2,086014;0,12;-0,03;1,52
2,087731;0,07;0,01;1,35
2,089651;0,03;0,02;1,28
2,092182;-0,06;0,05;1,26
2,093480;-0,12;0,07;1,33
2,096225;-0,15;0,07;1,49
2,098970;-0,16;0,08;1,60
2,099751;-0,15;0,07;1,80
2,101580;-0,11;0,03;1,95
2,103623;-0,07;0,01;2,00
2,106067;-0,00;-0,05;2,11
2,107975;0,06;-0,11;2,19
2,109716;0,08;-0,13;2,20
2,111707;0,13;-0,17;2,22
2,115589;0,16;-0,18;2,16
2,115756;0,17;-0,17;2,09
2,117870;0,16;-0,12;1,90
2,119705;0,14;-0,07;1,63
2,121984;0,12;-0,03;1,51
2,123967;0,06;0,01;1,32
2,125858;-0,01;0,04;1,22
2,127540;-0,05;0,05;1,19
2,129624;-0,12;0,07;1,27
2,133424;-0,15;0,08;1,44
2,133661;-0,16;0,07;1,66
2,135720;-0,15;0,07;1,77
2,138183;-0,10;0,02;1,93
2,139773;-0,04;-0,02;2,07
2,141622;0,00;-0,04;2,14
2,143655;0,06;-0,12;2,23
2,145733;0,11;-0,16;2,27
2,148194;0,13;-0,17;2,28
2,149677;0,16;-0,19;2,21
2,151994;0,17;-0,16;2,06
2,153782;0,16;-0,12;1,94
2,155627;0,13;-0,08;1,65
2,157702;0,09;-0,01;1,40
2,159956;0,03;0,03;1,25
2,161549;-0,01;0,03;1,22
2,167824;-0,09;0,06;1,23
2,168040;-0,14;0,08;1,35
2,168220;-0,15;0,08;1,44
2,169853;-0,16;0,07;1,65
2,172096;-0,12;0,04;1,83
2,173794;-0,10;0,02;1,90
2,175934;-0,03;-0,03;2,03
2,177993;0,04;-0,07;2,14
2,181605;0,07;-0,11;2,19
2,181842;0,12;-0,16;2,24
2,183977;0,15;-0,18;2,23
2,186125;0,16;-0,18;2,21
2,188302;0,16;-0,15;2,06
2,189987;0,14;-0,10;1,82
2,192001;0,10;-0,04;1,56
2,194203;0,08;-0,01;1,44
2,196225;0,02;0,04;1,29
2,198189;-0,05;0,06;1,24
2,200193;-0,09;0,07;1,25
2,202158;-0,13;0,07;1,37
2,204943;-0,15;0,07;1,54
2,206275;-0,14;0,06;1,65
2,208335;-0,12;0,03;1,81
2,210305;-0,06;-0,02;1,94
2,212467;-0,02;-0,04;1,99
2,215457;0,04;-0,08;2,08
2,215900;0,09;-0,13;2,17
2,217560;0,11;-0,16;2,21
2,219689;0,14;-0,17;2,21
2,221658;0,14;-0,14;2,14
2,224405;0,14;-0,09;1,98
2,226266;0,12;-0,07;1,86
2,228101;0,09;-0,03;1,59
2,233797;0,05;0,01;1,38
2,234071;0,02;0,04;1,29
2,234274;-0,04;0,05;1,22
2,236592;-0,10;0,05;1,26
2,238251;-0,12;0,06;1,31
2,240166;-0,13;0,05;1,49
2,243207;-0,12;0,05;1,71
2,244127;-0,11;0,02;1,81
2,246658;-0,05;-0,02;1,97
2,248448;0,01;-0,06;2,10
2,250533;0,04;-0,08;2,15
2,252550;0,08;-0,12;2,24
2,254159;0,12;-0,15;2,28
2,255961;0,14;-0,15;2,24
2,261182;0,13;-0,14;2,16
2,261341;0,12;-0,10;1,98
2,262183;0,10;-0,06;1,71
2,264988;0,09;-0,04;1,59
2,266768;0,05;0,01;1,37
2,267882;-0,01;0,04;1,24
2,270044;-0,04;0,04;1,23
2,273393;-0,09;0,06;1,26
2,275026;-0,11;0,06;1,41
2,276440;-0,12;0,06;1,50
2,278120;-0,11;0,04;1,71
2,281734;-0,07;-0,01;1,85
2,282030;-0,05;-0,03;1,92
2,284329;0,01;-0,07;2,04
2,286495;0,06;-0,12;2,14
2,288056;0,08;-0,13;2,19
2,290139;0,11;-0,15;2,25
2,292047;0,12;-0,14;2,23
2,294469;0,12;-0,12;2,13
2,298313;0,11;-0,09;2,02
2,298604;0,09;-0,04;1,75
2,300302;0,06;-0,00;1,49
2,302075;0,05;0,00;1,39
2,304201;-0,00;0,04;1,23
2,306577;-0,05;0,05;1,18
2,308126;-0,07;0,05;1,23
2,309988;-0,10;0,05;1,36
2,312555;-0,10;0,04;1,57
2,315085;-0,10;0,03;1,69
2,316151;-0,07;0,00;1,86
2,317976;-0,01;-0,04;2,01
2,320682;0,03;-0,08;2,13
2,322235;0,06;-0,10;2,17
2,325341;0,09;-0,13;2,23
2,326449;0,11;-0,14;2,24
2,328318;0,11;-0,15;2,24
2,330234;0,10;-0,12;2,13
2,334367;0,09;-0,08;1,92
2,334743;0,08;-0,05;1,77
2,336154;0,06;-0,01;1,52
2,338174;0,03;0,02;1,34
2,340538;0,01;0,04;1,27
2,342664;-0,04;0,06;1,23
2,344339;-0,08;0,06;1,31
2,346228;-0,08;0,05;1,39
2,348387;-0,09;0,04;1,57
2,350870;-0,08;0,01;1,75
2,352614;-0,04;-0,03;1,89
2,354514;-0,01;-0,05;1,94
2,356122;0,03;-0,09;2,04
2,358295;0,07;-0,12;2,12
2,360097;0,08;-0,12;2,14
2,362239;0,09;-0,12;2,18
2,364859;0,09;-0,10;2,16
2,366265;0,09;-0,09;2,13
2,368086;0,08;-0,05;1,96
2,370337;0,06;-0,02;1,71
2,373144;0,05;-0,01;1,59
2,374335;0,03;0,01;1,39
2,376340;-0,01;0,02;1,27
2,378257;-0,03;0,03;1,25
2,380453;-0,06;0,04;1,31
2,382414;-0,07;0,03;1,46
2,384338;-0,07;0,02;1,67
2,386263;-0,06;0,01;1,77
2,388465;-0,04;-0,03;1,91
2,390524;0,00;-0,07;2,03
2,392544;0,03;-0,08;2,09
2,394154;0,05;-0,11;2,18
2,396197;0,07;-0,12;2,23
2,398496;0,08;-0,10;2,23
2,402487;0,08;-0,09;2,18
2,403895;0,08;-0,08;2,04
2,404115;0,07;-0,06;1,92
2,406639;0,06;-0,04;1,66
2,408119;0,04;-0,01;1,42
2,410068;0,03;-0,01;1,34
2,411680;-0,00;0,02;1,23
2,414800;-0,03;0,04;1,25
2,416601;-0,05;0,05;1,38
2,418219;-0,06;0,05;1,48
2,420167;-0,06;0,03;1,68
2,422273;-0,04;-0,00;1,84
2,425162;-0,03;-0,03;1,91
2,427424;0,01;-0,07;2,03
2,428195;0,03;-0,10;2,13
2,430057;0,05;-0,11;2,19
2,433926;0,06;-0,13;2,23
2,434286;0,07;-0,12;2,22
2,436084;0,07;-0,10;2,19
2,438189;0,07;-0,08;2,05
2,440477;0,06;-0,05;1,80
2,442103;0,05;-0,03;1,66
2,444002;0,04;-0,01;1,41
2,446212;0,02;0,02;1,24
2,448321;0,00;0,02;1,21
2,450594;-0,03;0,04;1,19
2,452299;-0,05;0,04;1,31
2,454099;-0,05;0,04;1,41
2,456470;-0,05;0,02;1,64
2,457991;-0,04;-0,01;1,84
2,459755;-0,01;-0,05;2,01
2,461664;0,00;-0,07;2,06
2,466089;0,03;-0,10;2,18
2,466398;0,05;-0,11;2,27
2,468208;0,06;-0,12;2,30
2,470371;0,06;-0,11;2,29
2,472566;0,06;-0,09;2,17
2,473959;0,06;-0,08;2,09
2,475954;0,06;-0,05;1,83
2,478245;0,05;-0,03;1,54
2,482054;0,04;-0,01;1,32
2,482317;0,02;0,02;1,23
2,486962;-0,01;0,04;1,17
2,488008;-0,03;0,06;1,24
2,488586;-0,04;0,05;1,31
2,490309;-0,05;0,04;1,52
2,492176;-0,05;0,02;1,73
2,493812;-0,04;-0,01;1,82
2,496619;-0,01;-0,06;1,97
2,498716;0,02;-0,10;2,10
2,500462;0,03;-0,10;2,14
2,502299;0,05;-0,12;2,23
2,503920;0,06;-0,12;2,27
2,506637;0,06;-0,11;2,25
2,508543;0,06;-0,08;2,16
2,510411;0,05;-0,05;1,98
2,512182;0,05;-0,03;1,70
2,515094;0,05;-0,02;1,57
2,516496;0,04;-0,00;1,35
2,518248;0,02;0,02;1,20
2,522515;-0,00;0,03;1,17
2,523558;-0,02;0,04;1,23
2,524300;-0,03;0,03;1,38
2,526158;-0,04;0,04;1,48
2,527871;-0,04;0,02;1,71
2,529933;-0,03;-0,02;1,89
2,533605;-0,02;-0,05;1,98
2,533882;0,01;-0,09;2,12
2,536424;0,03;-0,11;2,22
2,538954;0,04;-0,12;2,27
2,540802;0,05;-0,11;2,30
2,542492;0,06;-0,10;2,25
2,544098;0,06;-0,08;2,10
2,546362;0,05;-0,06;1,99
2,548707;0,05;-0,04;1,70
2,550711;0,05;-0,02;1,44
2,552492;0,04;-0,01;1,34
2,554039;0,02;0,02;1,21
2,556409;-0,00;0,05;1,19
2,559548;-0,01;0,05;1,24
2,560442;-0,03;0,04;1,38
2,561893;-0,04;0,02;1,58
2,565523;-0,04;0,01;1,69
2,566919;-0,02;-0,02;1,87
2,567894;-0,01;-0,07;2,01
2,569976;0,01;-0,09;2,08
2,572594;0,02;-0,11;2,19
2,575022;0,03;-0,10;2,26
2,576651;0,04;-0,10;2,28
2,578477;0,05;-0,10;2,26
2,582094;0,05;-0,07;2,12
2,582361;0,05;-0,05;1,89
2,584188;0,05;-0,03;1,74
2,586326;0,05;-0,03;1,47
2,588771;0,04;-0,01;1,28
2,590675;0,03;0,01;1,21
2,592272;0,01;0,03;1,17
2,594164;-0,01;0,04;1,25
2,596220;-0,02;0,03;1,34
2,598511;-0,03;0,02;1,55
2,602828;-0,03;-0,00;1,78
2,603202;-0,03;-0,01;1,85
2,604736;-0,02;-0,06;2,02
2,606365;0,01;-0,09;2,16
2,608197;0,01;-0,11;2,20
2,610067;0,02;-0,11;2,26
2,611976;0,03;-0,10;2,28
2,614883;0,04;-0,08;2,21
2,618420;0,04;-0,07;2,13
2,618603;0,04;-0,05;1,91
2,620299;0,05;-0,04;1,62
2,622501;0,05;-0,03;1,48
2,624249;0,04;-0,00;1,29
2,626308;0,03;0,03;1,20
2,628345;0,02;0,04;1,17
2,630377;-0,00;0,05;1,24
2,633833;-0,01;0,04;1,42
2,634322;-0,02;0,02;1,53
2,636833;-0,03;0,01;1,75
2,639170;-0,03;-0,04;1,91
2,640417;-0,01;-0,08;2,07
2,642506;-0,00;-0,10;2,14
2,644143;0,01;-0,12;2,26
2,646011;0,02;-0,11;2,32
2,648856;0,03;-0,10;2,32
2,650408;0,03;-0,08;2,25
2,652724;0,04;-0,07;2,08
2,654785;0,04;-0,05;1,96
2,656288;0,05;-0,04;1,65
2,658321;0,06;-0,03;1,39
2,660209;0,06;-0,02;1,29
2,661842;0,04;0,01;1,17
2,665190;0,02;0,04;1,16
2,666816;0,01;0,06;1,22
2,668514;-0,00;0,04;1,40
2,670267;-0,02;0,03;1,64
2,672507;-0,03;-0,00;1,76
2,674533;-0,03;-0,04;1,92
2,676272;-0,01;-0,09;2,06
2,677809;-0,00;-0,11;2,17
2,680141;0,01;-0,12;2,25
2,682783;0,02;-0,12;2,30
2,684834;0,02;-0,10;2,28
2,687436;0,03;-0,09;2,25
2,688316;0,04;-0,07;2,08
2,690025;0,04;-0,05;1,81
2,691721;0,04;-0,04;1,66
2,693912;0,06;-0,02;1,41
2,695925;0,06;0,01;1,24
2,698573;0,05;0,02;1,20
2,700412;0,03;0,04;1,21
2,704535;0,01;0,04;1,32
2,704862;0,00;0,04;1,40
2,706648;-0,01;0,00;1,61
2,709146;-0,02;-0,02;1,80
2,709999;-0,02;-0,06;1,96
2,711870;-0,02;-0,08;2,02
2,715462;-0,01;-0,10;2,14
2,715947;-0,00;-0,10;2,24
2,718147;-0,00;-0,10;2,27
2,720570;0,01;-0,09;2,28
2,722620;0,01;-0,06;2,19
2,725342;0,02;-0,06;2,12
2,726269;0,04;-0,04;1,86
2,727653;0,05;-0,04;1,58
2,729729;0,06;-0,03;1,44
2,734180;0,06;-0,02;1,26
2,734386;0,05;0,02;1,19
2,735962;0,04;0,02;1,20
2,738601;0,02;0,04;1,30
2,740261;0,00;0,03;1,50
2,742033;-0,02;0,02;1,74
2,744114;-0,02;0,00;1,82
2,745957;-0,02;-0,05;1,96
2,751709;-0,01;-0,09;2,08
2,752004;-0,01;-0,10;2,12
2,752141;-0,01;-0,11;2,21
2,756664;0,00;-0,10;2,25
2,756966;0,00;-0,09;2,24
2,758203;0,01;-0,06;2,16
2,759845;0,02;-0,05;1,99
2,761785;0,03;-0,05;1,86
2,765069;0,05;-0,04;1,59
2,766029;0,06;-0,02;1,36
2,768074;0,07;-0,01;1,27
2,769691;0,06;0,02;1,18
2,771878;0,04;0,04;1,21
2,773860;0,02;0,03;1,36
2,775672;0,01;0,03;1,46
2,777967;-0,01;0,01;1,69
2,779758;-0,02;-0,01;1,87
2,781824;-0,02;-0,04;1,96
2,795368;-0,02;-0,09;2,11
2,795677;-0,02;-0,10;2,22
2,795815;-0,02;-0,11;2,27
2,795928;-0,01;-0,10;2,31
2,796051;0,00;-0,09;2,27
2,796167;0,00;-0,07;2,20
2,796347;0,02;-0,05;2,00
2,799397;0,04;-0,04;1,72
2,800458;0,05;-0,05;1,59
2,805697;0,07;-0,03;1,35
2,807641;0,07;0,01;1,19
2,807766;0,06;0,04;1,15
2,808711;0,05;0,04;1,21
2,811237;0,03;0,04;1,36
2,813258;0,00;0,03;1,58
2,813835;-0,01;0,02;1,70
2,816675;-0,02;-0,01;1,88
2,822528;-0,03;-0,06;2,03
2,822752;-0,02;-0,09;2,11
2,822867;-0,03;-0,12;2,22
2,824272;-0,02;-0,11;2,28
2,826231;-0,02;-0,11;2,31
2,828062;-0,00;-0,09;2,27
2,830273;0,01;-0,07;2,13
2,832467;0,02;-0,05;2,01
2,834515;0,04;-0,04;1,73
2,836189;0,06;-0,03;1,46
2,837838;0,08;-0,02;1,26
2,840545;0,08;0,00;1,19
2,842195;0,06;0,04;1,14
2,843834;0,04;0,04;1,22
2,846176;0,03;0,04;1,31
2,847806;0,01;0,02;1,53
2,851202;-0,02;0,01;1,77
2,852581;-0,02;-0,01;1,85
2,854376;-0,03;-0,06;2,02
2,857066;-0,03;-0,10;2,16
2,858502;-0,03;-0,12;2,21
2,860254;-0,03;-0,10;2,28
2,862147;-0,02;-0,09;2,29
2,864033;-0,01;-0,09;2,28
2,866152;0,01;-0,06;2,15
2,868868;0,03;-0,05;1,93
2,870394;0,05;-0,04;1,64
2,871876;0,06;-0,03;1,51
2,874052;0,08;-0,02;1,32
2,876279;0,08;0,01;1,22
2,878015;0,07;0,04;1,20
2,882055;0,05;0,05;1,28
2,882246;0,03;0,03;1,46
2,884221;0,02;0,02;1,57
2,886420;-0,01;0,00;1,77
2,888362;-0,03;-0,03;1,92
2,891758;-0,03;-0,06;1,98
2,892709;-0,04;-0,10;2,12
2,893966;-0,04;-0,11;2,22
2,896892;-0,04;-0,09;2,23
2,898583;-0,03;-0,08;2,26
2,900306;-0,01;-0,06;2,20
2,901887;0,01;-0,05;2,04
2,903845;0,02;-0,04;1,92
2,906339;0,05;-0,04;1,64
2,908699;0,08;-0,04;1,39
2,910487;0,09;-0,03;1,30
2,912257;0,09;-0,00;1,19
2,914208;0,08;0,04;1,20
2,919318;0,06;0,04;1,23
2,919561;0,04;0,04;1,40
2,920557;0,01;0,02;1,64
2,922204;-0,01;0,02;1,74
2,924641;-0,03;-0,02;1,91
2,926640;-0,04;-0,07;2,06
2,927942;-0,04;-0,10;2,14
2,930018;-0,05;-0,11;2,23
2,934854;-0,05;-0,10;2,28
2,935180;-0,03;-0,09;2,27
2,936557;-0,02;-0,08;2,23
2,937654;0,00;-0,06;2,08
2,939834;0,04;-0,05;1,82
2,941860;0,05;-0,04;1,68
2,943657;0,08;-0,04;1,43
2,946254;0,10;-0,01;1,26
2,948771;0,10;0,00;1,23
2,952157;0,08;0,04;1,22
2,952359;0,06;0,04;1,34
2,954181;0,05;0,04;1,44
2,957090;0,02;0,02;1,66
2,958320;-0,01;-0,00;1,83
2,960132;-0,02;-0,02;1,90
2,961934;-0,04;-0,08;2,03
2,964223;-0,05;-0,10;2,14
2,966992;-0,05;-0,10;2,23
2,970261;-0,05;-0,10;2,25
2,971029;-0,04;-0,08;2,24
2,972683;-0,02;-0,06;2,14
2,974131;-0,00;-0,05;2,06
2,976269;0,03;-0,04;1,81
2,978038;0,07;-0,04;1,54
2,980839;0,08;-0,04;1,41
2,982600;0,10;-0,02;1,24
2,984789;0,10;0,02;1,16
2,986728;0,09;0,03;1,17
2,993598;0,07;0,03;1,29
2,995158;0,04;0,03;1,49
2,995327;0,02;0,03;1,62
2,995440;-0,01;0,01;1,83
2,996132;-0,03;-0,05;1,99
2,999222;-0,05;-0,09;2,12
3,000889;-0,06;-0,10;2,17
3,002756;-0,06;-0,10;2,25
3,004528;-0,05;-0,10;2,29
3,006408;-0,05;-0,09;2,27
3,008176;-0,03;-0,06;2,17
3,010371;0,00;-0,05;1,98
3,012316;0,03;-0,05;1,85
3,014357;0,06;-0,04;1,57
3,016295;0,10;-0,04;1,35
3,019275;0,10;-0,02;1,26
3,021827;0,11;0,01;1,19
3,022918;0,09;0,04;1,23
3,024078;0,07;0,04;1,29
3,026512;0,04;0,04;1,49
3,027952;0,01;0,03;1,72
3,030364;-0,02;-0,01;1,89
3,034671;-0,03;-0,04;1,99
3,034913;-0,05;-0,09;2,13
3,038926;-0,06;-0,10;2,22
3,039377;-0,07;-0,11;2,27
3,041122;-0,06;-0,10;2,30
3,042245;-0,04;-0,09;2,25
3,044129;-0,03;-0,06;2,18
3,046183;0,01;-0,05;1,99
3,049586;0,05;-0,05;1,70
3,050181;0,06;-0,04;1,57
3,052221;0,10;-0,04;1,33
3,053985;0,12;-0,01;1,17
3,056257;0,11;0,01;1,14
3,058480;0,10;0,04;1,17
3,060322;0,07;0,04;1,33
3,062204;0,03;0,03;1,55
3,064098;0,01;0,03;1,67
3,066295;-0,02;0,00;1,86
3,068269;-0,05;-0,05;2,03
3,070029;-0,06;-0,08;2,12
3,072556;-0,07;-0,11;2,23
3,074418;-0,08;-0,10;2,31
3,076308;-0,07;-0,10;2,33
3,078231;-0,05;-0,09;2,29
3,080274;-0,02;-0,07;2,15
3,082712;0,00;-0,06;2,04
3,084602;0,05;-0,05;1,75
3,086202;0,09;-0,05;1,47
3,088026;0,11;-0,05;1,38
3,090261;0,12;-0,01;1,22
3,092745;0,12;0,03;1,19
3,094018;0,11;0,04;1,24
3,096316;0,08;0,05;1,37
3,097974;0,04;0,04;1,57
3,103007;-0,00;0,01;1,79
3,103794;-0,02;-0,01;1,86
3,105390;-0,05;-0,06;2,00
3,106557;-0,07;-0,09;2,13
3,108285;-0,08;-0,11;2,18
3,110186;-0,09;-0,10;2,25
3,112005;-0,07;-0,09;2,27
3,114115;-0,06;-0,09;2,26
3,116656;-0,02;-0,06;2,13
3,118512;0,02;-0,05;1,90
3,122264;0,04;-0,05;1,75
3,122623;0,09;-0,05;1,47
3,125344;0,12;-0,04;1,27
3,126111;0,13;-0,00;1,18
3,127966;0,12;0,03;1,15
3,129920;0,10;0,05;1,24
3,134511;0,07;0,05;1,43
3,134720;0,05;0,05;1,55
3,136399;0,00;0,03;1,78
3,138809;-0,04;-0,02;1,94
3,140673;-0,05;-0,05;2,00
3,143080;-0,07;-0,09;2,15
3,144174;-0,09;-0,11;2,24
3,146877;-0,09;-0,10;2,26
3,149566;-0,08;-0,09;2,29
3,150675;-0,05;-0,07;2,21
3,152081;-0,04;-0,07;2,13
3,154233;0,01;-0,05;1,92
3,156484;0,06;-0,06;1,63
3,158590;0,10;-0,05;1,39
3,160381;0,12;-0,04;1,31
3,161924;0,13;-0,00;1,22
3,163907;0,12;0,04;1,24
3,166748;0,11;0,05;1,28
3,168376;0,08;0,05;1,46
3,170001;0,03;0,03;1,67
3,173024;0,01;0,02;1,78
3,173986;-0,03;-0,02;1,93
3,176240;-0,06;-0,07;2,05
3,178063;-0,07;-0,09;2,13
3,180246;-0,09;-0,11;2,23
3,182777;-0,09;-0,10;2,27
3,184469;-0,09;-0,09;2,27
3,186287;-0,06;-0,08;2,21
3,188136;-0,02;-0,07;2,04
3,191661;0,03;-0,06;1,77
3,192724;0,06;-0,06;1,63
3,194132;0,10;-0,06;1,38
3,196338;0,13;-0,03;1,20
3,199335;0,13;-0,01;1,17
3,200297;0,13;0,03;1,16
3,202478;0,10;0,05;1,28
3,203921;0,08;0,05;1,39
3,206354;0,04;0,04;1,63
3,208705;-0,01;0,02;1,84
3,211172;-0,03;-0,00;1,92
3,212347;-0,07;-0,06;2,08
3,214136;-0,09;-0,10;2,19
3,218385;-0,09;-0,10;2,25
3,218629;-0,09;-0,10;2,29
3,219916;-0,08;-0,10;2,27
3,221839;-0,04;-0,08;2,16
3,224006;-0,02;-0,08;2,08
3,226801;0,03;-0,07;1,82
3,228230;0,08;-0,07;1,55
3,230201;0,10;-0,06;1,42
3,234481;0,14;-0,04;1,26
3,234698;0,14;0,02;1,20
3,236136;0,13;0,03;1,21
3,238563;0,10;0,06;1,33
3,240401;0,06;0,06;1,54
3,242228;0,04;0,05;1,66
3,244313;-0,01;0,02;1,84
3,246039;-0,04;-0,03;1,99
3,247695;-0,06;-0,06;2,05
3,250166;-0,09;-0,09;2,16
3,252178;-0,10;-0,10;2,23
3,254132;-0,10;-0,10;2,26
3,256693;-0,09;-0,09;2,24
3,258393;-0,05;-0,08;2,13
3,260649;0,00;-0,07;1,94
3,262309;0,03;-0,08;1,81
3,265863;0,09;-0,08;1,53
3,266587;0,13;-0,05;1,32
3,268111;0,14;-0,04;1,24
3,270075;0,14;0,01;1,18
3,272059;0,13;0,05;1,26
3,274036;0,11;0,07;1,32
3,276411;0,07;0,07;1,51
3,278041;0,02;0,04;1,73
3,280270;0,00;0,02;1,82
3,285198;-0,05;-0,03;1,98
3,285611;-0,08;-0,07;2,11
3,292219;-0,10;-0,09;2,20
3,292460;-0,11;-0,09;2,24
3,292647;-0,10;-0,09;2,27
3,292821;-0,09;-0,09;2,26
3,294113;-0,06;-0,08;2,17
3,296329;-0,01;-0,08;1,99
3,299432;0,05;-0,08;1,69
3,300487;0,08;-0,08;1,57
3,301960;0,13;-0,08;1,33
3,304654;0,15;-0,03;1,20
3,306518;0,14;0,00;1,18
3,309302;0,13;0,05;1,23
3,310563;0,10;0,06;1,39
3,312043;0,07;0,07;1,50
3,313948;0,03;0,05;1,74
3,316309;-0,02;0,02;1,90
3,318109;-0,06;-0,04;2,04
3,320238;-0,08;-0,08;2,13
3,325031;-0,10;-0,10;2,21
3,325263;-0,11;-0,09;2,26
3,326929;-0,10;-0,10;2,28
3,328457;-0,08;-0,10;2,23
3,330145;-0,04;-0,09;2,08
3,335425;-0,01;-0,08;1,97
3,337017;0,05;-0,08;1,68
3,338150;0,10;-0,08;1,42
3,338373;0,12;-0,07;1,32
3,340924;0,15;-0,03;1,18
3,342490;0,14;0,03;1,15
3,344436;0,13;0,05;1,20
3,346428;0,11;0,07;1,36
3,349471;0,06;0,06;1,59
3,349871;0,01;0,05;1,82
3,352195;-0,01;0,02;1,89
3,354067;-0,06;-0,04;2,05
3,356075;-0,09;-0,08;2,18
3,358281;-0,10;-0,09;2,22
3,360429;-0,11;-0,09;2,28
3,361710;-0,10;-0,10;2,29
3,364569;-0,08;-0,10;2,26
3,368104;-0,04;-0,09;2,11
3,368427;0,01;-0,10;1,88
3,370355;0,04;-0,10;1,72
3,372257;0,10;-0,08;1,46
3,374718;0,13;-0,06;1,27
3,376012;0,15;-0,03;1,21
3,377955;0,14;0,03;1,18
3,380214;0,12;0,07;1,29
3,382558;0,08;0,08;1,50
3,384455;0,06;0,08;1,61
3,386464;0,01;0,05;1,83
3,388319;-0,04;-0,02;1,98
3,390092;-0,05;-0,04;2,04
3,392681;-0,09;-0,08;2,15
3,394991;-0,10;-0,09;2,23
3,396216;-0,11;-0,09;2,24
3,399309;-0,10;-0,10;2,24
3,400386;-0,06;-0,09;2,16
3,401724;-0,04;-0,10;2,08
3,404054;0,01;-0,09;1,86
3,407265;0,07;-0,10;1,58
3,407761;0,10;-0,09;1,45
3,409735;0,13;-0,07;1,27
3,412039;0,15;-0,01;1,18
3,414237;0,13;0,05;1,21
3,416345;0,12;0,08;1,27
3,421821;0,08;0,08;1,46
3,422028;0,03;0,07;1,70
3,422185;0,01;0,05;1,81
3,423985;-0,04;-0,00;1,97
3,426187;-0,07;-0,05;2,09
3,428362;-0,09;-0,07;2,16
3,430268;-0,10;-0,09;2,23
3,434671;-0,10;-0,10;2,26
3,435171;-0,10;-0,10;2,24
3,436603;-0,06;-0,10;2,18
3,439443;-0,01;-0,11;2,01
3,440194;0,01;-0,09;1,89
3,442166;0,07;-0,10;1,61
3,444129;0,11;-0,09;1,38
3,446094;0,14;-0,04;1,31
3,449203;0,14;-0,01;1,22
3,450011;0,13;0,04;1,24
3,451702;0,11;0,07;1,29
3,454307;0,08;0,08;1,47
3,456735;0,03;0,07;1,70
3,457981;-0,01;0,04;1,89
3,460127;-0,03;0,01;1,96
3,461839;-0,07;-0,04;2,10
3,463819;-0,10;-0,07;2,19
3,466682;-0,10;-0,08;2,24
3,469068;-0,10;-0,09;2,27
3,472580;-0,07;-0,10;2,23
3,472749;-0,05;-0,11;2,18
3,473992;-0,01;-0,11;2,02
3,476013;0,04;-0,11;1,75
3,477899;0,07;-0,11;1,61
3,480138;0,11;-0,09;1,36
3,483063;0,13;-0,04;1,19
3,484908;0,13;0,02;1,14
3,486752;0,12;0,04;1,16
3,487999;0,09;0,08;1,30
3,490242;0,05;0,09;1,51
3,491941;0,03;0,08;1,65
3,493982;-0,01;0,05;1,86
3,496015;-0,05;0,01;2,02
3,499700;-0,07;-0,03;2,09
3,501020;-0,09;-0,07;2,20
3,502089;-0,09;-0,08;2,26
3,504172;-0,09;-0,10;2,28
3,507424;-0,07;-0,11;2,25
3,507897;-0,03;-0,11;2,14
3,510046;-0,00;-0,12;2,05
3,511930;0,05;-0,12;1,80
3,513983;0,09;-0,12;1,53
3,516856;0,12;-0,09;1,33
3,518332;0,13;-0,06;1,24
3,520444;0,12;0,01;1,18
3,522451;0,10;0,06;1,25
3,524192;0,08;0,08;1,32
3,526542;0,04;0,10;1,53
3,527972;-0,00;0,08;1,77
3,530077;-0,02;0,06;1,86
3,534778;-0,05;0,01;2,02
3,535493;-0,08;-0,05;2,14
3,536064;-0,09;-0,06;2,17
3,538206;-0,09;-0,08;2,23
3,544912;-0,07;-0,10;2,25
3,545087;-0,06;-0,10;2,23
3,545214;-0,02;-0,11;2,13
3,546305;0,03;-0,12;1,95
3,548026;0,07;-0,12;1,68
3,550264;0,09;-0,13;1,56
3,552000;0,12;-0,10;1,34
3,554424;0,13;-0,04;1,21
3,556279;0,12;0,00;1,18
3,558220;0,09;0,06;1,23
3,560148;0,06;0,08;1,38
3,561962;0,03;0,10;1,48
3,564267;-0,00;0,08;1,72
3,566476;-0,04;0,04;1,89
3,568365;-0,06;0,02;1,98
3,570469;-0,08;-0,03;2,12
3,572818;-0,08;-0,07;2,22
3,574224;-0,08;-0,07;2,26
3,576204;-0,06;-0,10;2,30
3,578200;-0,03;-0,12;2,25
3,580082;0,01;-0,13;2,11
3,582652;0,04;-0,13;2,00
3,584739;0,08;-0,13;1,71
3,586252;0,11;-0,12;1,45
3,588366;0,12;-0,11;1,36
3,589857;0,12;-0,05;1,22
3,592257;0,10;0,04;1,20
3,594414;0,08;0,06;1,25
3,596454;0,05;0,08;1,41
3,597878;0,01;0,09;1,62
3,600042;-0,02;0,08;1,73
3,604499;-0,05;0,05;1,88
3,604661;-0,07;0,00;2,02
3,607090;-0,08;-0,04;2,09
3,608464;-0,08;-0,06;2,17
3,610054;-0,06;-0,08;2,22
3,612275;-0,05;-0,10;2,24
3,613981;-0,01;-0,12;2,20
3,619730;0,03;-0,13;2,07
3,620427;0,06;-0,13;1,85
3,621570;0,08;-0,13;1,71
3,624547;0,10;-0,12;1,46
3,624975;0,12;-0,07;1,28
3,626611;0,11;-0,04;1,22
3,628025;0,08;0,04;1,19
3,630190;0,05;0,08;1,29
3,632999;0,03;0,09;1,38
3,634325;-0,01;0,09;1,59
3,636081;-0,04;0,08;1,81
3,638056;-0,05;0,06;1,89
3,639905;-0,07;0,00;2,03
3,642158;-0,08;-0,04;2,14
3,644360;-0,06;-0,08;2,20
3,646622;-0,05;-0,08;2,19
3,649499;-0,02;-0,11;2,21
3,651011;0,03;-0,12;2,15
3,653072;0,04;-0,13;2,09
3,656030;0,07;-0,13;1,90
3,656344;0,10;-0,13;1,63
3,658302;0,11;-0,11;1,51
3,660385;0,11;-0,08;1,34
3,662126;0,09;-0,01;1,26
3,664394;0,07;0,03;1,24
3,666836;0,04;0,08;1,31
3,668266;-0,00;0,09;1,48
3,670594;-0,02;0,08;1,59
3,672908;-0,06;0,07;1,80
3,673809;-0,07;0,04;1,95
3,675794;-0,07;-0,01;2,07
3,678098;-0,08;-0,04;2,13
3,680340;-0,05;-0,07;2,21
3,683173;-0,02;-0,10;2,24
3,684726;-0,00;-0,11;2,23
3,686876;0,04;-0,13;2,16
3,687973;0,08;-0,15;2,00
3,690034;0,09;-0,14;1,89
3,692000;0,11;-0,13;1,62
3,694258;0,11;-0,10;1,39
3,696548;0,11;-0,07;1,31
3,698717;0,08;-0,00;1,21
3,700627;0,04;0,05;1,22
3,702445;0,02;0,08;1,27
3,705657;-0,02;0,09;1,45
3,706578;-0,06;0,09;1,68
3,708158;-0,08;0,07;1,86
3,710059;-0,09;0,04;1,94
3,712426;-0,08;-0,00;2,07
3,713982;-0,06;-0,05;2,14
3,718969;-0,04;-0,08;2,17
3,721664;-0,00;-0,10;2,21
3,721899;0,04;-0,14;2,20
3,724427;0,06;-0,13;2,16
3,724662;0,09;-0,15;2,03
3,726333;0,11;-0,14;1,81
3,728655;0,11;-0,12;1,68
3,730918;0,11;-0,09;1,44
3,736432;0,09;-0,04;1,28
3,736996;0,07;-0,01;1,25
3,737214;0,03;0,05;1,24
3,738963;-0,02;0,08;1,36
3,739891;-0,06;0,10;1,55
3,742018;-0,07;0,09;1,68
3,743961;-0,09;0,07;1,86
3,746362;-0,09;0,02;2,01
3,750001;-0,09;-0,00;2,07
3,750439;-0,06;-0,05;2,16
3,753208;-0,01;-0,09;2,21
3,755394;0,01;-0,11;2,23
3,756429;0,05;-0,14;2,20
3,757871;0,09;-0,15;2,09
3,759880;0,11;-0,16;2,02
3,762778;0,13;-0,13;1,79
3,763607;0,12;-0,11;1,54
3,769735;0,12;-0,09;1,42
3,770173;0,09;-0,03;1,26
3,772335;0,04;0,03;1,20
3,772510;-0,01;0,08;1,26
3,774986;-0,04;0,09;1,33
3,776933;-0,08;0,10;1,52
3,777946;-0,10;0,09;1,74
3,779738;-0,10;0,07;1,84
3,782716;-0,10;0,02;1,99
3,784353;-0,07;-0,03;2,11
3,786221;-0,06;-0,05;2,15
3,787718;-0,00;-0,10;2,23
3,791187;0,05;-0,13;2,26
3,791846;0,07;-0,15;2,24
3,793915;0,11;-0,16;2,16
3,795919;0,13;-0,15;1,98
3,798007;0,14;-0,14;1,85
3,800827;0,13;-0,12;1,58
3,801931;0,11;-0,07;1,36
3,804030;0,07;-0,00;1,22
3,806191;0,04;0,03;1,21
3,807964;-0,02;0,08;1,26
3,810169;-0,07;0,10;1,41
3,812200;-0,09;0,11;1,52
3,814198;-0,11;0,09;1,75
3,817733;-0,11;0,05;1,90
3,818073;-0,10;0,02;1,98
3,821140;-0,08;-0,03;2,09
3,821713;-0,03;-0,09;2,17
3,823968;0,00;-0,10;2,20
3,826425;0,06;-0,15;2,25
3,827889;0,11;-0,17;2,21
3,829716;0,12;-0,15;2,15
3,832273;0,14;-0,14;1,99
3,833914;0,14;-0,12;1,72
3,835821;0,12;-0,08;1,48
3,837780;0,11;-0,06;1,38
3,839628;0,06;0,00;1,23
3,841601;0,00;0,06;1,20
3,843701;-0,02;0,08;1,24
3,845924;-0,08;0,09;1,38
3,847610;-0,11;0,09;1,58
3,849654;-0,12;0,10;1,69
3,853666;-0,12;0,06;1,86
3,853863;-0,09;-0,00;1,99
3,855640;-0,08;-0,04;2,06
3,857706;-0,03;-0,08;2,12
3,859908;0,03;-0,13;2,18
3,861654;0,06;-0,16;2,21
3,863497;0,11;-0,17;2,20
3,865881;0,14;-0,16;2,11
3,867900;0,15;-0,12;1,93
3,870369;0,15;-0,11;1,79
3,871738;0,12;-0,07;1,55
3,873680;0,08;-0,02;1,38
3,876040;0,06;0,00;1,32
3,877880;-0,00;0,06;1,29
3,879856;-0,06;0,09;1,36
3,882620;-0,08;0,09;1,43
3,884011;-0,11;0,08;1,61
3,886608;-0,12;0,07;1,79
3,888542;-0,12;0,04;1,83
3,890045;-0,09;-0,00;1,95
3,892056;-0,05;-0,06;2,06
3,894163;-0,02;-0,08;2,09
3,896303;0,04;-0,12;2,16
3,898454;0,09;-0,15;2,18
3,901297;0,13;-0,15;2,14
3,902234;0,14;-0,15;2,09
3,904897;0,14;-0,11;1,91
3,906548;0,13;-0,08;1,66
3,908094;0,12;-0,06;1,53
3,910377;0,08;-0,02;1,34
3,912671;0,03;0,02;1,24
3,915018;-0,00;0,06;1,22
3,918180;-0,05;0,09;1,30
3,918571;-0,10;0,09;1,46
3,920437;-0,11;0,09;1,57
3,922506;-0,12;0,07;1,78
3,924918;-0,10;0,01;1,92
3,926468;-0,09;-0,00;1,98
3,927902;-0,05;-0,07;2,10
3,930085;0,01;-0,12;2,15
3,933021;0,06;-0,16;2,19
3,934428;0,09;-0,16;2,20
3,936048;0,13;-0,15;2,15
3,938002;0,14;-0,13;2,03
3,940715;0,14;-0,10;1,94
3,942143;0,13;-0,07;1,69
3,944270;0,09;-0,04;1,46
3,946102;0,07;-0,02;1,38
3,949793;0,03;0,02;1,28
3,951101;-0,03;0,06;1,27
3,952220;-0,05;0,09;1,30
3,953942;-0,09;0,08;1,46
3,956251;-0,11;0,08;1,67
3,958695;-0,11;0,07;1,76
3,961393;-0,09;0,02;1,91
3,962559;-0,06;-0,05;2,04
3,964628;-0,02;-0,10;2,13
3,967461;0,01;-0,13;2,17
3,970645;0,06;-0,15;2,23
3,971664;0,10;-0,16;2,23
3,972144;0,12;-0,15;2,19
3,974289;0,13;-0,12;2,06
3,976579;0,13;-0,08;1,83
3,978183;0,11;-0,07;1,70
3,980226;0,08;-0,03;1,45
3,982926;0,05;0,00;1,28
3,984909;0,03;0,02;1,24
3,986719;-0,02;0,06;1,22
3,988253;-0,07;0,08;1,31
3,990872;-0,08;0,08;1,40
3,992115;-0,10;0,07;1,61
3,994072;-0,09;0,04;1,79
3,995940;-0,07;-0,01;1,94
3,997946;-0,06;-0,04;2,01
4,000253;-0,02;-0,09;2,13
4,002177;0,04;-0,13;2,24
4,004694;0,06;-0,16;2,27
4,006171;0,09;-0,17;2,27
4,008279;0,12;-0,14;2,18
4,010048;0,13;-0,13;2,12
4,012170;0,12;-0,09;1,87
4,014244;0,10;-0,06;1,59
4,019825;0,08;-0,03;1,46
4,020515;0,05;0,01;1,28
4,020772;-0,00;0,05;1,21
4,022976;-0,02;0,07;1,22
4,024279;-0,06;0,10;1,32
4,026295;-0,09;0,09;1,49
4,027875;-0,10;0,07;1,70
4,029910;-0,09;0,04;1,79
4,032896;-0,07;-0,01;1,94
4,034979;-0,03;-0,07;2,07
4,036906;-0,02;-0,09;2,11
4,038301;0,03;-0,14;2,20
4,040525;0,07;-0,17;2,25
4,042137;0,09;-0,16;2,23
4,044406;0,11;-0,14;2,17
4,046084;0,11;-0,10;2,01
4,048026;0,11;-0,08;1,88
4,050481;0,09;-0,04;1,62
4,053297;0,06;-0,01;1,40
4,054096;0,04;0,01;1,31
4,057726;0,00;0,04;1,22
4,058236;-0,03;0,07;1,24
4,060408;-0,06;0,08;1,36
4,061860;-0,08;0,08;1,45
4,064261;-0,08;0,06;1,66
4,066639;-0,07;0,02;1,82
4,068188;-0,05;-0,02;1,91
4,070141;-0,03;-0,07;2,05
4,076345;0,01;-0,12;2,17
4,077361;0,03;-0,13;2,23
4,077556;0,07;-0,16;2,30
4,078092;0,09;-0,15;2,28
4,079941;0,10;-0,12;2,22
4,081770;0,10;-0,09;2,05
4,083985;0,09;-0,06;1,77
4,086483;0,08;-0,06;1,64
4,089790;0,06;-0,03;1,40
4,090012;0,03;0,02;1,25
4,092307;0,01;0,03;1,23
4,094082;-0,02;0,07;1,25
4,096708;-0,05;0,08;1,39
4,098025;-0,07;0,07;1,59
4,100756;-0,07;0,06;1,68
4,102176;-0,06;0,02;1,83
4,106251;-0,05;-0,04;1,97
4,106428;-0,03;-0,07;2,04
4,108405;0,01;-0,12;2,13
4,110100;0,04;-0,14;2,21
4,112372;0,06;-0,16;2,24
4,114180;0,08;-0,15;2,22
4,119042;0,09;-0,11;2,11
4,119583;0,09;-0,09;2,02
4,121103;0,08;-0,05;1,77
4,122270;0,06;-0,02;1,52
4,124181;0,04;-0,00;1,35
4,126826;0,02;0,03;1,28
4,128486;-0,01;0,06;1,24
4,130161;-0,03;0,07;1,34
4,133370;-0,04;0,07;1,42
4,134216;-0,05;0,06;1,60
4,136083;-0,06;0,03;1,77
4,138374;-0,05;0,00;1,83
4,140353;-0,03;-0,05;1,94
4,142685;-0,01;-0,10;2,05
4,144128;0,01;-0,13;2,09
4,146193;0,04;-0,14;2,14
4,148165;0,06;-0,13;2,16
4,150453;0,07;-0,14;2,17
4,151954;0,08;-0,09;2,09
4,154101;0,07;-0,04;1,92
4,156330;0,06;-0,02;1,67
4,158208;0,05;-0,01;1,55
4,161067;0,03;-0,00;1,38
4,162494;0,01;0,01;1,30
4,165586;0,00;0,03;1,28
4,167432;-0,02;0,05;1,36
4,169062;-0,03;0,05;1,52
4,170222;-0,04;0,04;1,61
4,172169;-0,04;0,02;1,79
4,173996;-0,03;-0,03;1,92
4,176511;-0,02;-0,05;1,97
4,178249;-0,01;-0,10;2,08
4,180277;0,02;-0,12;2,16
4,183523;0,02;-0,12;2,16
4,185749;0,04;-0,11;2,18
4,186858;0,06;-0,09;2,14
4,188682;0,07;-0,06;2,01
4,190105;0,06;-0,04;1,90
4,192123;0,05;-0,02;1,64
4,194315;0,04;-0,02;1,42
4,196511;0,03;-0,02;1,35
4,198291;0,02;0,01;1,26
4,200263;0,00;0,03;1,27
4,204592;-0,01;0,05;1,33
4,204780;-0,02;0,06;1,50
4,206692;-0,03;0,04;1,69
4,208439;-0,03;0,03;1,78
4,210248;-0,02;-0,02;1,92
4,211860;-0,02;-0,07;2,02
4,214136;-0,01;-0,09;2,08
4,219405;0,01;-0,13;2,14
4,219970;0,03;-0,15;2,18
4,220603;0,05;-0,13;2,16
4,223622;0,06;-0,10;2,13
4,224940;0,06;-0,07;2,02
4,227029;0,06;-0,03;1,79
4,227829;0,05;-0,02;1,66
4,229713;0,04;-0,01;1,44
4,231929;0,02;-0,00;1,31
4,234217;0,02;0,01;1,29
4,237018;0,00;0,03;1,31
4,238250;-0,01;0,04;1,42
4,241583;-0,01;0,05;1,51
4,242656;-0,02;0,03;1,70
4,244434;-0,02;0,00;1,86
4,246485;-0,02;-0,02;1,93
4,247851;-0,01;-0,06;2,03
4,249971;-0,00;-0,10;2,12
4,251934;0,01;-0,12;2,16
4,253986;0,02;-0,13;2,21
4,256730;0,04;-0,12;2,20
4,258058;0,05;-0,08;2,10
4,261327;0,05;-0,07;2,02
4,262303;0,05;-0,04;1,79
4,264649;0,05;-0,02;1,53
4,266673;0,04;-0,02;1,41
4,268027;0,03;-0,00;1,26
4,270520;0,02;0,02;1,22
4,272290;0,01;0,04;1,23
4,274043;-0,00;0,05;1,37
4,276073;-0,01;0,05;1,57
4,278267;-0,01;0,04;1,67
4,280059;-0,02;0,01;1,85
4,285708;-0,02;-0,04;1,98
4,286144;-0,02;-0,06;2,01
4,286352;-0,01;-0,10;2,08
4,290574;0,01;-0,13;2,14
4,290809;0,02;-0,14;2,16
4,292858;0,03;-0,12;2,17
4,294663;0,04;-0,08;2,10
4,296463;0,05;-0,03;1,96
4,298009;0,05;-0,03;1,86
4,300301;0,04;-0,01;1,61
4,302109;0,04;-0,01;1,41
4,304127;0,03;-0,00;1,33
4,307255;0,02;0,01;1,26
4,308940;0,01;0,03;1,28
4,309988;0,01;0,03;1,34
4,312191;-0,00;0,03;1,52
4,314588;-0,01;0,03;1,74
4,317327;-0,01;0,02;1,83
4,318578;-0,01;-0,03;1,97
4,320594;-0,02;-0,08;2,08
4,322836;-0,01;-0,11;2,17
4,323803;-0,00;-0,12;2,21
4,326609;0,01;-0,13;2,26
4,327844;0,03;-0,11;2,22
4,330029;0,03;-0,08;2,16
4,337195;0,04;-0,05;1,99
4,337759;0,05;-0,04;1,71
4,337981;0,05;-0,04;1,58
4,338480;0,05;-0,03;1,36
4,341408;0,04;-0,00;1,23
4,342163;0,03;0,01;1,22
4,344577;0,03;0,04;1,27
4,346653;0,01;0,06;1,43
4,348442;0,00;0,06;1,53
4,350317;-0,01;0,05;1,73
4,352119;-0,01;0,01;1,87
4,354314;-0,02;-0,05;1,98
4,356212;-0,02;-0,08;2,04
4,358271;-0,01;-0,13;2,08
4,360642;-0,00;-0,14;2,13
4,362267;0,01;-0,15;2,17
4,364101;0,02;-0,13;2,16
4,367294;0,04;-0,07;2,08
4,368440;0,04;-0,04;2,01
4,370663;0,04;-0,01;1,78
4,372438;0,04;0,00;1,54
4,373841;0,04;-0,00;1,45
4,376475;0,04;0,00;1,31
4,378673;0,03;0,01;1,26
4,380571;0,03;0,01;1,28
4,383572;0,02;0,02;1,40
4,384701;0,01;0,02;1,59
4,386591;0,00;0,01;1,78
4,388814;-0,00;-0,00;1,85
4,390081;-0,01;-0,04;1,99
4,392366;-0,02;-0,07;2,11
4,393849;-0,02;-0,10;2,16
4,396071;-0,02;-0,11;2,22
4,398493;-0,00;-0,10;2,23
4,400736;0,01;-0,11;2,21
4,402306;0,02;-0,08;2,09
4,405344;0,03;-0,05;1,89
4,406500;0,04;-0,05;1,75
4,407910;0,04;-0,04;1,50
4,409746;0,05;-0,02;1,30
4,412083;0,05;-0,01;1,23
4,414777;0,04;0,02;1,18
4,418836;0,03;0,05;1,26
4,419071;0,02;0,06;1,44
4,420268;0,01;0,05;1,55
4,422072;-0,00;0,03;1,77
4,423900;-0,01;-0,02;1,93
4,426211;-0,02;-0,03;2,00
4,428249;-0,03;-0,08;2,14
4,430212;-0,02;-0,12;2,25
4,432442;-0,02;-0,13;2,28
4,439513;-0,01;-0,13;2,30
4,439938;0,01;-0,11;2,24
4,440439;0,02;-0,10;2,17
4,440610;0,03;-0,06;1,94
4,442383;0,04;-0,04;1,64
4,444417;0,05;-0,03;1,51
4,446560;0,06;-0,01;1,31
4,447930;0,06;0,01;1,20
4,450548;0,05;0,04;1,18
4,452056;0,04;0,06;1,26
4,454788;0,03;0,06;1,44
4,456848;0,01;0,04;1,66
4,458056;0,00;0,03;1,76
4,460293;-0,02;-0,02;1,91
4,462168;-0,03;-0,06;2,04
4,464076;-0,03;-0,09;2,11
4,466928;-0,03;-0,13;2,21
4,468196;-0,02;-0,14;2,26
4,469712;-0,02;-0,13;2,27
4,472634;0,00;-0,10;2,21
4,474043;0,02;-0,07;2,07
4,476465;0,03;-0,04;1,95
4,478515;0,04;-0,02;1,66
4,480373;0,05;-0,01;1,41
4,482329;0,06;0,00;1,26
4,484342;0,06;0,01;1,24
4,486468;0,06;0,03;1,23
4,488017;0,05;0,04;1,36
4,490292;0,04;0,04;1,45
4,492418;0,02;0,03;1,66
4,494177;0,00;0,00;1,82
4,496624;-0,01;-0,02;1,89
4,498082;-0,03;-0,06;2,00
4,500941;-0,04;-0,09;2,09
4,502505;-0,03;-0,13;2,15
4,504184;-0,03;-0,13;2,20
4,506321;-0,02;-0,11;2,20
4,509346;-0,01;-0,10;2,18
4,510522;0,01;-0,07;2,06
4,512450;0,03;-0,03;1,83
4,513995;0,05;-0,03;1,58
4,517204;0,05;-0,01;1,46
4,521319;0,06;-0,01;1,30
4,521548;0,07;0,00;1,24
4,522276;0,07;0,01;1,26
4,524917;0,06;0,03;1,37
4,526580;0,04;0,04;1,56
4,528023;0,03;0,03;1,68
4,530414;0,01;0,01;1,85
4,536547;-0,01;-0,03;1,98
4,537046;-0,03;-0,04;2,02
4,537424;-0,04;-0,08;2,10
4,538799;-0,04;-0,11;2,16
4,540759;-0,04;-0,13;2,18
4,542109;-0,03;-0,12;2,18
4,545062;-0,01;-0,08;2,10
4,546192;0,01;-0,04;1,94
4,548256;0,02;-0,04;1,83
4,550275;0,04;-0,02;1,58
4,552673;0,06;-0,02;1,37
4,554353;0,06;-0,01;1,28
4,556871;0,07;0,00;1,21
4,557889;0,06;0,02;1,26
4,561094;0,06;0,03;1,32
4,562027;0,04;0,04;1,51
4,564584;0,02;0,03;1,73
4,567367;0,01;0,01;1,83
4,568211;-0,01;-0,02;1,99
4,570549;-0,03;-0,06;2,11
4,572347;-0,04;-0,07;2,15
4,573874;-0,04;-0,11;2,22
4,576398;-0,04;-0,13;2,24
4,578155;-0,02;-0,13;2,21
4,579989;-0,02;-0,09;2,13
4,582181;0,01;-0,06;1,97
4,584339;0,03;-0,03;1,71
4,586606;0,05;-0,02;1,59
4,588392;0,06;-0,01;1,38
4,590326;0,07;0,01;1,24
4,592110;0,07;0,00;1,22
4,594338;0,07;0,02;1,26
4,595996;0,06;0,04;1,40
4,597915;0,05;0,04;1,50
4,600660;0,03;0,03;1,72
4,602599;0,00;0,00;1,89
4,605080;-0,01;-0,03;1,97
4,607980;-0,04;-0,06;2,10
4,608207;-0,05;-0,11;2,19
4,609762;-0,05;-0,12;2,22
4,611725;-0,04;-0,13;2,26
4,613880;-0,03;-0,12;2,22
4,617299;-0,00;-0,09;2,09
4,618469;0,01;-0,06;1,98
4,620410;0,04;-0,04;1,71
4,622311;0,05;-0,02;1,46
4,624399;0,07;-0,01;1,36
4,627002;0,08;-0,00;1,23
4,628471;0,08;0,02;1,21
4,630108;0,08;0,03;1,26
4,632568;0,07;0,04;1,42
4,636318;0,04;0,04;1,63
4,636812;0,03;0,04;1,73
4,638282;0,00;0,00;1,87
4,640867;-0,03;-0,04;1,99
4,642214;-0,05;-0,08;2,08
4,644527;-0,05;-0,11;2,11
4,646755;-0,06;-0,14;2,13
4,648300;-0,05;-0,12;2,16
4,650673;-0,04;-0,13;2,16
4,652237;-0,01;-0,08;2,07
4,654236;0,02;-0,03;1,90
4,656548;0,03;-0,01;1,77
4,658376;0,06;0,00;1,54
4,661446;0,07;-0,00;1,37
4,661941;0,08;-0,00;1,30
4,663996;0,09;-0,00;1,25
4,667290;0,08;0,01;1,34
4,667998;0,07;0,02;1,42
4,670244;0,05;0,02;1,62
4,672262;0,02;0,02;1,82
4,673639;-0,01;-0,02;1,95
4,675728;-0,02;-0,03;2,01
4,677883;-0,05;-0,06;2,12
4,679835;-0,05;-0,11;2,21
4,681611;-0,06;-0,10;2,22
4,684229;-0,05;-0,10;2,23
4,685931;-0,03;-0,09;2,16
4,688009;-0,02;-0,08;2,09
4,689978;0,01;-0,05;1,88
4,692468;0,04;-0,05;1,59
4,694266;0,05;-0,04;1,46
4,696820;0,07;-0,03;1,28
4,697898;0,09;-0,01;1,20
4,700813;0,09;0,01;1,18
4,702873;0,08;0,04;1,27
4,704987;0,07;0,05;1,47
4,706428;0,04;0,05;1,70
4,708774;0,03;0,04;1,81
4,710591;-0,01;-0,00;1,96
4,711920;-0,04;-0,04;2,08
4,713820;-0,05;-0,06;2,15
4,716172;-0,06;-0,12;2,23
4,718162;-0,06;-0,14;2,26
4,720434;-0,06;-0,13;2,26
4,722605;-0,04;-0,12;2,20
4,724613;-0,01;-0,09;2,03
4,726823;0,00;-0,06;1,91
4,728326;0,04;-0,03;1,63
4,730187;0,07;-0,01;1,39
4,732244;0,08;-0,01;1,31
4,736517;0,10;0,00;1,21
4,737025;0,10;0,01;1,21
4,738112;0,09;0,04;1,34
4,740017;0,08;0,05;1,44
4,745933;0,05;0,04;1,68
4,746164;0,01;0,02;1,86
4,746367;-0,01;-0,00;1,94
4,748593;-0,04;-0,04;2,07
4,750915;-0,07;-0,08;2,17
4,751873;-0,07;-0,12;2,24
4,754785;-0,07;-0,14;2,28
4,755739;-0,06;-0,13;2,25
4,757614;-0,05;-0,12;2,21
4,760270;-0,02;-0,09;2,05
4,762884;0,02;-0,05;1,78
4,764707;0,04;-0,04;1,63
4,767620;0,07;-0,01;1,39
4,769393;0,10;-0,00;1,24
4,776729;0,11;0,00;1,20
4,777186;0,11;0,01;1,23
4,777500;0,10;0,04;1,37
4,777816;0,07;0,06;1,58
4,778116;0,05;0,05;1,68
4,780399;0,02;0,03;1,84
4,781937;-0,03;-0,02;1,97
4,784652;-0,05;-0,04;2,01
4,785942;-0,07;-0,10;2,11
4,787485;-0,08;-0,14;2,19
4,790208;-0,08;-0,14;2,21
4,793806;-0,07;-0,13;2,21
4,794119;-0,05;-0,08;2,12
4,795937;-0,02;-0,08;2,06
4,797910;0,01;-0,04;1,83
4,802195;0,05;-0,02;1,57
4,802852;0,09;-0,01;1,36
4,813109;0,09;-0,01;1,27
4,813428;0,11;-0,01;1,21
4,813541;0,12;-0,01;1,21
4,813652;0,10;0,03;1,33
4,813765;0,08;0,04;1,53
4,813875;0,04;0,05;1,76
4,815980;0,02;0,03;1,84
4,818025;-0,02;-0,01;2,00
4,820477;-0,05;-0,04;2,13
4,821871;-0,07;-0,05;2,16
4,824338;-0,08;-0,11;2,24
4,826489;-0,08;-0,12;2,27
4,827637;-0,08;-0,13;2,24
4,830012;-0,05;-0,11;2,14
4,835731;-0,02;-0,07;1,94
4,836033;0,02;-0,05;1,66
4,836155;0,05;-0,04;1,54
4,837992;0,08;-0,02;1,33
4,840466;0,11;-0,00;1,21
4,842418;0,12;-0,00;1,20
4,844833;0,12;0,02;1,27
4,846026;0,10;0,05;1,44
4,847446;0,09;0,06;1,55
4,850437;0,05;0,05;1,75
4,851906;0,01;0,03;1,89
4,853705;-0,01;-0,01;1,96
4,855750;-0,05;-0,05;2,05
4,857622;-0,08;-0,12;2,13
4,859917;-0,09;-0,13;2,18
4,861969;-0,09;-0,14;2,22
4,863651;-0,07;-0,13;2,18
4,865880;-0,04;-0,09;2,08
4,867748;-0,02;-0,06;1,99
4,869648;0,02;-0,03;1,73
4,871718;0,06;-0,01;1,49
4,873799;0,08;-0,01;1,40
4,876217;0,11;-0,02;1,27
4,877993;0,12;-0,01;1,26
4,879791;0,13;-0,00;1,31
4,881759;0,11;0,03;1,44
4,884861;0,08;0,05;1,64
4,886677;0,06;0,04;1,74
4,887766;0,01;0,02;1,88
4,889865;-0,03;-0,02;2,01
4,892185;-0,05;-0,04;2,07
4,894074;-0,08;-0,10;2,13
4,896065;-0,09;-0,12;2,17
4,897944;-0,09;-0,11;2,18
4,900833;-0,07;-0,13;2,16
4,901782;-0,05;-0,09;2,04
4,904034;-0,01;-0,05;1,84
4,906345;0,02;-0,04;1,71
4,908051;0,06;-0,02;1,46
4,909916;0,09;-0,01;1,29
4,912079;0,11;-0,02;1,23
4,913954;0,12;-0,01;1,19
4,916162;0,12;0,02;0,95
4,918815;0,12;0,02;0,79
4,920826;0,08;0,02;0,39
4,922026;0,05;-0,02;-0,03
4,923945;0,03;-0,04;-0,22
4,926209;-0,01;-0,06;-0,52
4,927978;-0,04;-0,06;-0,70
4,930080;-0,08;-0,04;-0,78
4,931986;-0,10;-0,02;-0,76
4,936918;-0,12;0,07;-0,65
4,937415;-0,11;0,13;-0,45
4,938266;-0,11;0,16;-0,33
4,940797;-0,08;0,16;-0,08
4,943946;-0,05;0,13;0,15
4,944370;-0,03;0,09;0,24
4,946994;0,01;0,01;0,39
4,948185;0,03;-0,05;0,47
4,950855;0,04;-0,09;0,48
4,952329;0,05;-0,13;0,43
4,954233;0,06;-0,14;0,31
4,956602;0,06;-0,13;0,24
4,957773;0,07;-0,11;0,08
4,960586;0,07;-0,06;-0,09
4,962111;0,08;-0,02;-0,23
4,963958;0,08;-0,00;-0,28
4,966431;0,06;0,04;-0,35
4,967962;0,05;0,06;-0,36
4,970305;0,02;0,10;-0,33
4,972283;-0,02;0,12;-0,25
4,973986;-0,06;0,12;-0,13
4,976289;-0,07;0,10;-0,06
4,978784;-0,10;0,06;0,07
4,980222;-0,11;-0,00;0,18
4,982106;-0,11;-0,03;0,23
4,984382;-0,10;-0,07;0,28
4,986173;-0,07;-0,09;0,28
4,988931;-0,05;-0,10;0,27
4,990037;-0,01;-0,08;0,20
4,992010;0,04;-0,05;0,10
4,994150;0,08;-0,02;-0,01
4,996953;0,10;-0,00;-0,07
4,998301;0,12;0,03;-0,16
5,001929;0,13;0,05;-0,22
5,002124;0,12;0,06;-0,24
5,004388;0,10;0,06;-0,24
5,006673;0,06;0,05;-0,19
5,008020;0,03;0,04;-0,16
5,009671;-0,02;0,02;-0,07
5,011970;-0,07;-0,00;0,02
5,013988;-0,09;-0,02;0,07
5,016076;-0,12;-0,03;0,15
5,019731;-0,13;-0,04;0,20
5,020252;-0,12;-0,05;0,22
5,023964;-0,10;-0,03;0,20
5,024521;-0,06;-0,02;0,16
5,026625;-0,02;-0,00;0,09
5,028311;0,01;0,00;0,05
5,030215;0,05;0,02;-0,04
5,032492;0,09;0,02;-0,12
5,034604;0,10;0,02;-0,15
5,036406;0,12;0,02;-0,19
5,038355;0,11;0,02;-0,19
5,040919;0,10;0,02;-0,18
5,041997;0,07;0,01;-0,13
5,044040;0,03;-0,01;-0,06
5,045978;0,00;-0,01;-0,02
5,047810;-0,04;-0,02;0,06
5,051847;-0,07;-0,02;0,13
5,052424;-0,08;-0,02;0,15
5,053955;-0,10;-0,01;0,18
5,055969;-0,10;-0,01;0,17
5,058001;-0,08;-0,01;0,15
5,060624;-0,07;-0,01;0,10
5,061982;-0,04;0,00;0,03
5,063860;0,00;0,01;-0,04
5,066989;0,02;0,01;-0,08
5,069206;0,06;0,01;-0,13
5,070646;0,08;0,02;-0,16
5,072549;0,09;0,01;-0,17
5,074072;0,09;0,01;-0,15
5,075993;0,08;0,01;-0,10
5,078101;0,07;0,01;-0,07
5,080250;0,04;-0,00;-0,00
5,082643;0,01;-0,01;0,06
5,085077;-0,01;-0,01;0,09
5,086866;-0,04;-0,01;0,13
5,088457;-0,06;-0,02;0,15
5,090266;-0,07;-0,02;0,15
5,092632;-0,08;-0,02;0,13
5,094076;-0,07;-0,01;0,08
5,096203;-0,05;-0,01;0,01
5,097840;-0,04;-0,00;-0,02
5,100938;-0,01;0,01;-0,08
5,102078;0,01;0,02;-0,12
5,104465;0,03;0,02;-0,13
5,106636;0,05;0,02;-0,14
5,108533;0,06;0,02;-0,12
5,110189;0,07;0,02;-0,10
5,112116;0,06;0,01;-0,05
5,114105;0,05;0,01;0,01
5,117894;0,04;-0,00;0,03
5,118456;0,01;-0,01;0,08
5,120740;-0,01;-0,02;0,12
5,122692;-0,02;-0,02;0,13
5,124397;-0,04;-0,03;0,12
5,126582;-0,05;-0,02;0,10
5,127933;-0,05;-0,02;0,08
5,129981;-0,05;-0,01;0,03
5,132181;-0,04;-0,00;-0,03
5,137597;-0,02;0,01;-0,07
5,138417;-0,01;0,02;-0,09
5,138778;0,01;0,03;-0,11
5,141083;0,02;0,03;-0,11
5,142983;0,03;0,03;-0,11
5,144197;0,04;0,02;-0,08
5,146024;0,04;0,01;-0,03
5,148139;0,04;0,01;-0,01
5,151858;0,03;-0,00;0,04
5,153524;0,02;-0,02;0,08
5,153718;0,01;-0,02;0,09
5,155807;-0,01;-0,03;0,11
5,157973;-0,02;-0,02;0,10
5,161223;-0,02;-0,02;0,08
5,162338;-0,03;-0,02;0,06
5,164718;-0,03;-0,01;0,01
5,167445;-0,02;0,00;-0,02
5,168795;-0,02;0,01;-0,05
5,171287;-0,01;0,02;-0,08
5,172025;-0,00;0,02;-0,10
5,174005;0,00;0,02;-0,10
5,176377;0,01;0,02;-0,09
5,178033;0,02;0,02;-0,06
5,180090;0,02;0,01;-0,04
5,182007;0,02;0,00;-0,00
5,184762;0,02;-0,01;0,04
5,186913;0,01;-0,02;0,06
5,188686;0,01;-0,01;0,08
5,190550;-0,00;-0,02;0,10
5,192644;-0,00;-0,02;0,09
5,194299;-0,01;-0,02;0,07
5,196143;-0,01;-0,01;0,04
5,198144;-0,01;-0,00;0,00
5,201262;-0,01;-0,00;-0,02
5,202627;-0,01;0,01;-0,05
5,204478;-0,00;0,01;-0,07
5,206370;-0,00;0,02;-0,08
5,208392;-0,00;0,02;-0,08
5,210211;0,00;0,02;-0,07
5,212219;0,00;0,02;-0,06
5,214391;0,00;0,01;-0,02
5,216383;0,00;0,00;0,01
5,218103;0,00;-0,00;0,03
5,221416;0,00;-0,01;0,06
5,221893;0,00;-0,01;0,08
5,224369;-0,00;-0,01;0,08
5,226704;-0,00;-0,02;0,07
5,228929;-0,00;-0,01;0,06
5,230346;0,00;-0,01;0,03
5,232388;0,00;-0,00;0,01
5,236879;0,00;-0,00;-0,02
5,238155;0,00;0,01;-0,05
5,238598;0,01;0,01;-0,06
5,241782;0,00;0,01;-0,07
5,242197;0,00;0,02;-0,07
5,244206;0,00;0,02;-0,06
5,246610;0,00;0,01;-0,04
5,248494;-0,00;0,01;-0,01
5,251644;-0,01;0,00;0,00
5,253384;-0,01;-0,00;0,03
5,254945;-0,01;-0,01;0,06
5,257176;-0,01;-0,01;0,07
5,257973;-0,01;-0,01;0,07
5,260455;-0,01;-0,02;0,06
5,262181;0,00;-0,01;0,04
5,264341;0,00;-0,01;0,03
5,266387;0,01;-0,00;-0,00
5,268476;0,01;-0,00;-0,03
5,270424;0,01;0,00;-0,04
5,272888;0,01;0,01;-0,06
5,274721;0,01;0,02;-0,06
5,276520;0,01;0,01;-0,06
5,277887;0,01;0,01;-0,05
5,279959;0,00;0,01;-0,03
5,281945;-0,00;0,00;-0,02
5,285323;-0,01;0,00;0,01
5,286089;-0,01;-0,00;0,04
5,288135;-0,01;-0,01;0,05
5,290132;-0,01;-0,01;0,06
5,292889;-0,01;-0,01;0,06
5,294170;-0,01;-0,01;0,05
5,295821;-0,00;-0,01;0,04
5,297987;0,00;-0,01;0,01
5,301257;0,01;0,00;-0,01
5,302049;0,01;0,00;-0,02
5,303915;0,01;0,00;-0,04
5,307528;0,01;0,01;-0,05
5,308683;0,01;0,01;-0,05
5,310403;0,01;0,01;-0,05
5,312683;0,01;0,01;-0,03
5,314220;0,00;0,00;-0,02
5,318057;-0,00;0,00;-0,00
5,318684;-0,01;-0,00;0,02
5,320046;-0,01;-0,00;0,04
5,322468;-0,01;-0,01;0,05
5,324582;-0,02;-0,01;0,05
5,326159;-0,01;-0,01;0,05
5,328219;-0,01;-0,01;0,04
5,330647;-0,01;-0,01;0,02
5,332497;-0,00;-0,00;0,00
5,337770;0,00;0,00;-0,01
5,338431;0,01;0,00;-0,03
5,339616;0,01;0,01;-0,04
5,341071;0,01;0,01;-0,05
5,342509;0,02;0,00;-0,05
5,344634;0,01;0,01;-0,04
5,346743;0,01;0,01;-0,03
5,348010;0,01;0,00;-0,01
5,349929;0,00;0,01;0,01
5,351897;-0,01;-0,00;0,03
5,353655;-0,01;-0,01;0,03
5,356691;-0,01;-0,01;0,04
5,358595;-0,01;-0,00;0,04
5,360430;-0,02;-0,01;0,04
5,361960;-0,01;-0,01;0,03
5,364529;-0,01;0,00;0,01
5,366768;-0,01;-0,00;0,00
5,368191;-0,00;0,00;-0,01
5,371192;0,00;0,00;-0,03
5,373009;0,01;0,01;-0,04
5,374349;0,01;0,01;-0,04
5,376362;0,01;0,01;-0,04
5,378064;0,01;0,01;-0,03
5,379909;0,01;0,01;-0,02
5,382215;0,01;-0,00;-0,00
5,384625;0,00;-0,00;0,02
5,386979;-0,00;-0,00;0,03
5,389272;-0,00;-0,01;0,04
5,390286;-0,01;-0,01;0,04
5,392361;-0,01;-0,01;0,04
5,394547;-0,01;-0,01;0,03
5,396125;-0,01;-0,00;0,02
5,397957;-0,01;-0,00;0,01
5,401658;0,01;0,01;-0,01
5,402657;0,03;0,02;-0,03
5,403909;0,03;0,04;-0,03
5,406510;0,05;0,04;-0,04
5,408293;0,06;0,03;-0,04
5,409813;0,06;0,02;-0,04
5,414072;0,06;0,01;-0,03
5,414509;0,05;-0,00;-0,02
5,420344;0,04;-0,01;0,00
5,420612;0,04;-0,01;0,01
5,420723;0,01;-0,01;0,02
5,422238;-0,00;-0,01;0,03
5,424432;-0,01;-0,01;0,03
5,425876;-0,02;-0,00;0,04
5,427679;-0,02;0,01;0,02
5,429740;-0,02;0,01;0,02
5,431675;-0,02;0,02;0,01
5,436658;-0,00;0,02;-0,01
5,436944;0,00;0,03;-0,02
5,437829;0,01;0,02;-0,03
5,439928;0,02;0,01;-0,04
5,442201;0,02;0,01;-0,04
5,443924;0,03;-0,00;-0,03
5,446022;0,03;-0,02;-0,02
5,447658;0,02;-0,01;-0,01
5,451420;0,01;-0,02;0,01
5,451598;0,00;-0,01;0,03
5,454042;-0,01;-0,00;0,04
5,455613;-0,02;-0,01;0,04
5,457815;-0,03;-0,01;0,04
5,459784;-0,04;-0,01;0,04
5,461692;-0,04;-0,00;0,03
5,463951;-0,05;-0,01;0,02
5,465838;-0,05;-0,01;-0,00
5,468446;-0,05;-0,01;-0,01
5,470090;-0,05;-0,01;-0,03
5,471697;-0,05;-0,01;-0,04
5,473602;-0,04;-0,02;-0,04
5,475607;-0,04;-0,01;-0,04
5,477892;-0,03;-0,01;-0,03
5,479833;-0,02;-0,01;-0,01
5,481858;-0,01;-0,00;-0,00
5,484818;-0,00;0,00;0,01
5,486173;0,01;0,00;0,03
5,487541;0,01;0,01;0,04
5,489555;0,02;0,01;0,04
5,491681;0,02;0,00;0,03
5,493530;0,02;0,00;0,03
5,496776;0,02;-0,00;0,02
5,497857;0,02;-0,01;0,00
5,501395;0,02;-0,01;-0,00
5,501612;0,01;-0,01;-0,02
